Rank,Change,Track,Song ID,Artists,Internal Link,External Link,Label,Release Date,All Time Rank,Video Count,All-Time Video Count,Peak Position,Peak Date,Weeks on Chart,7-Day Velocity,ISRC
1,New,حزن,,,,https://www.tiktok.com/music/null,,"Dec 11, 2022",51,908K,914K,1,"Dec 17, 2022",2,,NLRD52212301
2,New,可愛くてごめん (feat. かぴ),S1473,"HoneyWorks, Capi",/track?id=90207100,https://www.tiktok.com/music/Kawaikute-Gomen-7168292207852521473,HoneyWorks,"Aug 3, 2022",52,882K,901K,2,"Dec 17, 2022",11,,TCJPS2265902
3,New,Wild Love,,,,https://www.tiktok.com/music/null,,"Nov 7, 2022",56,754K,830K,3,"Dec 17, 2022",2,,ARQIW2208154
4,New,たぶん,S3729,YOASOBI,/track?id=30271478,https://www.tiktok.com/music/たぶん-6902462723754313729,YOASOBI,"Jun 29, 2020",64,724K,769K,1,"Dec 24, 2022",17,,JPP302000323
5,New,Kill Bill,S3089,SZA,/track?id=97071914,https://www.tiktok.com/music/Kill-Bill-7175026307095513089,Top Dawg Entertainment/RCA Records,"Dec 5, 2022",75,592K,612K,5,"Dec 17, 2022",17,,USRC12204584
6,New,Players,S4510,Coi Leray,/track?id=96615074,https://www.tiktok.com/music/Players-DJ-Smallz-732-Jersey-Club-Remix-7171695298610334510,Uptown / Republic Records,"Nov 22, 2022",79,565K,566K,6,"Dec 17, 2022",13,,USUM72222387
7,New,Players - DJ Smallz 732 - Jersey Club Remix,,Coi Leray,/track?id=97422645,https://www.tiktok.com/music/null,Uptown / Republic Records,"Dec 7, 2022",62,547K,789K,2,"Dec 31, 2022",4,,USUM72223184
8,New,Players - DJ Smallz 732 - Jersey Club Remix,,Coi Leray,/track?id=97477880,https://www.tiktok.com/music/null,Uptown / Republic Records,"Dec 8, 2022",63,546K,787K,6,"Dec 24, 2022",3,,USUM72223182
9,-8,Disco Edit - Extended Mix,,,,https://www.tiktok.com/music/null,,"Nov 22, 2022",25,430K,1.6M,1,"Dec 3, 2022",13,-1.14,QZTB22288276
10,-4,Baby Got Back,S4401,Sir Mix-A-Lot,/track?id=15815307,https://www.tiktok.com/music/Baby-Got-Back-7029297802328934401,American Recordings,"Sep 2, 2019",3,274K,9.6M,1,"Sep 4, 2021",44,-0.57,USSM19100221
11,-4,Bloody Mary,S3857,Lady Gaga,/track?id=15920218,https://www.tiktok.com/music/Bloody-Mary-6936362922234873857,Universal Music LLC,"Jun 17, 2021",58,246K,805K,7,"Dec 10, 2022",19,-0.57,USUM71106449
12,-7,Tubarão Te Amo,S8562,"Dj LK da Escócia, Tchakabum, MC Ryan SP, mc jhenny, Mc RF",/track?id=93681306,https://www.tiktok.com/music/Tubarão-Te-Amo-7149226021210818562,Nas Nuvens Catalog,"Sep 29, 2022",59,238K,803K,5,"Dec 10, 2022",10,-1.00,BC91N2200001
13,47,Limbo,S2385,Freddie Dredd,/track?id=88158661,https://www.tiktok.com/music/Limbo-7129677951544592385,Doomshop Records/RCA Records,"Aug 8, 2022",102,235K,379K,13,"Dec 17, 2022",7,6.71,USRC12201645
14,12,Futsal Shuffle 2020,S8161,Lil Uzi Vert,/track?id=27662235,https://www.tiktok.com/music/Futsal-Shuffle-2020-6784493804020828161,Generation Now/Atlantic,"Dec 12, 2019",78,233K,581K,14,"Dec 17, 2022",6,1.71,USAT21907135
15,14,Futsal Shuffle 2020 (Bonus Track),S5218,Lil Uzi Vert,/track?id=28685104,https://www.tiktok.com/music/Futsal-Shuffle-2020-Bonus-Track-6801205370623625218,Generation Now/Atlantic,"Mar 5, 2020",101,230K,387K,15,"Dec 17, 2022",6,2.00,USAT22001370
16,-7,L$d,S4433,Luclover,/track?id=80001990,https://www.tiktok.com/music/Ld-7085791307943954433,independent,"Apr 11, 2022",1,219K,14M,1,"Jul 23, 2022",39,-1.00,QZHN42243265
17,7,Una mujercita,S0834,Elfiscaloficial,/track?id=97610449,https://www.tiktok.com/music/Una-mujercita-7172687371681400834,3665661 Records DK,"Dec 1, 2022",104,212K,360K,17,"Dec 17, 2022",5,1.00,QZTB52219693
18,New,I Will Pass,,,,https://www.tiktok.com/music/null,,"Dec 6, 2022",123,211K,212K,18,"Dec 17, 2022",3,,QZTB52295730
19,-4,All I Want for Christmas Is You,S3553,Mariah Carey,/track?id=15816657,https://www.tiktok.com/music/All-I-Want-For-Christmas-Is-You-6741350408557463553,Columbia,"Aug 17, 2019",6,202K,7.3M,2,"Dec 25, 2021",19,-0.57,USSM19400325
20,-3,Boy's a liar,,,,https://www.tiktok.com/music/null,,"Nov 23, 2022",81,199K,533K,17,"Dec 10, 2022",12,-0.43,GBAYE2202585
21,-13,6000 Degrees (AH HA),S6187,$hyfromdatre,/track?id=94305158,https://www.tiktok.com/music/6000-degrees-x-Shyfromdatre-7143416796954086187,$hyfromdatre,"Oct 18, 2022",12,190K,3.4M,1,"Nov 12, 2022",16,-1.86,QZNMX2254862
22,New,Si te sabes el TikTok baila,,,,https://www.tiktok.com/music/null,,"Dec 11, 2022",127,176K,176K,22,"Dec 17, 2022",2,,DGA082222794
23,-12,Rich Flex,S0610,"Drake, 21 Savage",/track?id=95124968,https://www.tiktok.com/music/Rich-Flex-7162017080122820610,OVO / Republic Records,"Nov 3, 2022",26,159K,1.6M,7,"Dec 3, 2022",12,-1.71,USUG12208598
24,15,Escapism.,S5457,"RAYE, 070 Shake",/track?id=94059971,https://www.tiktok.com/music/Escapism-7146071473319315457,Human Re Sources,"Sep 21, 2022",103,156K,361K,24,"Dec 17, 2022",10,2.14,QMDA62217995
25,-4,Shabooya,S6222,"Hitkidd, Gloss Up, K Carbon, Slimeroni, Aleza",/track?id=93155275,https://www.tiktok.com/music/shabooya-7149732836692626222,Blac Noize!,"Sep 22, 2022",38,153K,1.3M,18,"Nov 12, 2022",13,-0.57,QZRD92202065
26,4,BILLIE EILISH.,S3345,Armani White,/track?id=82976157,https://www.tiktok.com/music/Billie-Eilish-7096439256658233345,"Legendbound, LLC / Def Jam Recordings","May 10, 2022",11,145K,3.9M,8,"Oct 22, 2022",37,0.57,SGB502248062
27,-17,Mr. Wrong,S7280,"Mary J. Blige, Drake",/track?id=15921744,https://www.tiktok.com/music/Mr-Wrong-feat-Drake-252879394409697280,GEFFEN,"Sep 12, 2019",97,144K,408K,10,"Dec 10, 2022",4,-2.43,USUM71116429
28,-14,Rich Flex,,"Drake, 21 Savage",/track?id=95127815,https://www.tiktok.com/music/null,OVO/Republic,"Nov 3, 2022",43,140K,1.2M,9,"Dec 3, 2022",12,-2.00,USUG12208614
29,-9,Bad Habit,S0450,Steve Lacy,/track?id=84088250,https://www.tiktok.com/music/Bad-Habit-7152997794909800450,L-M Records/RCA Records,"Jun 26, 2022",5,140K,7.6M,2,"Aug 6, 2022",31,-1.29,USRC12201440
30,-14,Here With Me,S3233,d4vd,/track?id=85215303,https://www.tiktok.com/music/Here-With-Me-7138509752509663233,3519830 Records DK,"Sep 22, 2022",22,138K,1.7M,4,"Nov 26, 2022",25,-2.00,QZMEM2209263
31,9,Ugly,,,,https://www.tiktok.com/music/null,,"Dec 4, 2022",111,137K,256K,31,"Dec 17, 2022",14,1.29,DGA072295374
32,-20,Beat it,S1722,"Brock, 2rare, Bril, JMoney",/track?id=91000883,https://www.tiktok.com/music/Beat-it-7144098326881831722,1xentertainment,"Aug 27, 2022",31,131K,1.4M,5,"Dec 3, 2022",10,-2.86,QZNWT2253480
33,-20,Beat it,S1722,"Brock, 2rare, Bril, JMoney",/track?id=91000883,https://www.tiktok.com/music/Beat-it-7144098326881831722,1xentertainment,"Aug 28, 2022",36,130K,1.3M,4,"Dec 3, 2022",9,-2.86,QZNWT2253480
34,New,The Hills,S5570,The Weeknd,/track?id=15895450,https://www.tiktok.com/music/The-Weeknd-–-Often-Kygo-Remix-6891709181477325570,Universal Music Ltd.,"Sep 2, 2019",66,129K,720K,33,"Dec 24, 2022",7,,USUG11500737
35,-12,Love You So,S5713,The King Khan & BBQ Show,/track?id=14911275,https://www.tiktok.com/music/Love-You-So-6728562975734515713,In The Red,"May 11, 2022",7,128K,6.6M,2,"Jun 11, 2022",46,-1.71,USA3D0700101
36,New,If You Love Her (Forest Blakk) [Sped Up Version],,"sped up nightcore, Forest Blakk",/track?id=96821358,https://www.tiktok.com/music/null,P2022,"Nov 30, 2022",142,124K,134K,31,"Dec 24, 2022",5,,USAT22221882
37,New,Party Monster,S7121,The Weeknd,/track?id=15896212,https://www.tiktok.com/music/Party-Monster-6928589406572677121,Digital Distribution Trinidad and Tobago,"Sep 2, 2019",144,123K,130K,37,"Dec 17, 2022",2,,USUG11600997
38,-11,Just Dance,S0401,"Lady Gaga, Colby O'Donis",/track?id=15908989,https://www.tiktok.com/music/Just-Dance-6917743207947110401,Interscope,"Sep 2, 2019",16,123K,2.3M,13,"Nov 19, 2022",25,-1.57,USUM70807646
39,57,F.N.F. (Let's Go),S0619,"Hitkidd, GloRilla",/track?id=81041293,https://www.tiktok.com/music/FNF-Let's-Go-7089140456671480619,Blac Noize!,"May 2, 2022",9,120K,5M,1,"Sep 24, 2022",35,8.14,QZRD92201643
40,-7,Stay,,,,https://www.tiktok.com/music/null,,"Nov 7, 2022",48,115K,948K,14,"Nov 19, 2022",6,-1.00,ARQIW2208156
41,-6,known,,,,https://www.tiktok.com/music/null,,"Nov 16, 2022",60,113K,796K,11,"Nov 26, 2022",17,-0.86,DGA062294578
42,New,الأصفر,,,,https://www.tiktok.com/music/null,,"Dec 11, 2022",147,112K,122K,25,"Dec 24, 2022",4,,NLRD52212303
43,-25,More M’s,S9090,"Drake, 21 Savage",/track?id=95124773,https://www.tiktok.com/music/More-M’s-7162017081238489090,OVO / Republic Records,"Nov 3, 2022",67,111K,709K,15,"Dec 3, 2022",8,-3.57,USUG12208611
44,-25,More M’s,,"Drake, 21 Savage",/track?id=95136258,https://www.tiktok.com/music/null,OVO/Republic,"Nov 3, 2022",68,111K,706K,16,"Dec 3, 2022",8,-3.57,USUG12208627
45,-23,TON1GHT - Jersey Club,S7483,KilSoSouth,/track?id=95714161,https://www.tiktok.com/music/TON1GHT-jersey-club-7163102205384477483,Independent Artist,"Nov 10, 2022",42,110K,1.2M,8,"Nov 19, 2022",8,-3.29,QZTAY2236253
46,-42,Bloody mary,S1074,Hopez99,/track?id=96948970,https://www.tiktok.com/music/Bloody-mary-7172048993097091074,4629680 Records DK,"Nov 30, 2022",91,110K,499K,4,"Dec 10, 2022",11,-6.00,QZTB42279342
47,New,Sturdy footwork dance,S1409,Hopez99,/track?id=97886912,https://www.tiktok.com/music/Sturdy-footwork-dance-7175537287348881409,4629680 Records DK,"Dec 9, 2022",155,107K,109K,47,"Dec 17, 2022",3,,QZTB62287538
48,15,Tomorrow 2,S8241,"GloRilla, Cardi B",/track?id=92609122,https://www.tiktok.com/music/Tomorrow-2-7146615152094218241,CMG/Interscope Records,"Sep 19, 2022",15,106K,2.4M,2,"Oct 15, 2022",20,2.14,USUM72217666
49,16,What I Want,,,,https://www.tiktok.com/music/null,,"Nov 7, 2022",71,101K,653K,25,"Nov 19, 2022",5,2.29,ARQIW2208152
50,-8,Si Te Sabes El TikTok Baila 3 - Remix,,VRL SOUNDS,/track?id=97298438,https://www.tiktok.com/music/null,Verdun Remix,"Nov 28, 2022",110,99K,309K,42,"Dec 10, 2022",10,-1.14,ARIXB2208446
51,36,Overdose,S6306,Finesse2tymes,/track?id=96681044,https://www.tiktok.com/music/Overdose-7171129877783906306,Mob Ties / Bread Gang / Atlantic Records,"Nov 27, 2022",133,96K,155K,51,"Dec 17, 2022",5,5.14,USAT22220893
52,-49,كي تقرر,,,,https://www.tiktok.com/music/null,,"Dec 2, 2022",85,95K,520K,3,"Dec 10, 2022",3,-7.00,NLRD52212286
53,-51,Avenge,,,,https://www.tiktok.com/music/null,,"Dec 4, 2022",80,95K,537K,2,"Dec 10, 2022",3,-7.29,DGA072295435
54,-2,Oscar Club,,,,https://www.tiktok.com/music/null,,"Nov 30, 2022",125,95K,194K,52,"Dec 10, 2022",5,-0.29,QZTB42275914
55,-17,Don't Play With It,S6750,"Lola Brooke, Billy B",/track?id=41911090,https://www.tiktok.com/music/Don't-Play-With-It-feat-Billy-B-7145868265821096750,ReefaMusic/Team Eighty,"May 6, 2021",39,95K,1.3M,16,"Oct 22, 2022",22,-2.43,QZHN52186854
56,-20,Promise,S9873,Ciara,/track?id=15484129,https://www.tiktok.com/music/Promise-I-know-I-dont-want-nobody-else-but-you-6696415049310799873,LaFace Records,"Aug 16, 2019",65,95K,766K,17,"Dec 3, 2022",7,-2.86,USLF20600562
57,-11,Cool Kids (our sped up version),,,,https://www.tiktok.com/music/null,,"Aug 25, 2022",17,93K,2M,23,"Oct 1, 2022",32,-1.57,SGB502250421
58,New,FNF - REMIX,,NMGQuebaby,/track?id=98052647,https://www.tiktok.com/music/null,NoMercyGang3872 LLC,"Jul 27, 2022",151,92K,113K,58,"Dec 17, 2022",1,,QZMEP2210099
59,19,Winner,,,,https://www.tiktok.com/music/null,,"Sep 23, 2022",108,92K,315K,59,"Dec 17, 2022",4,2.71,QZNWZ2220236
60,-16,My Happy Song,S1765,Super Simple Songs,/track?id=31421396,https://www.tiktok.com/music/My-Happy-Song-7159248233885141765,Super Simple Songs - Arts Music,"Sep 14, 2020",70,91K,655K,23,"Nov 26, 2022",8,-2.29,USWB12001604
61,New,Si te sabes el TikTok baila,,,,https://www.tiktok.com/music/null,,"Dec 6, 2022",154,91K,112K,61,"Dec 17, 2022",4,,DGA082205403
62,-4,Out thë way,S1505,Yeat,/track?id=91401732,https://www.tiktok.com/music/Out-thë-way-7140344331507861505,Field Trip Recordings/Geffen Records,"Sep 5, 2022",95,90K,444K,58,"Dec 10, 2022",10,-0.57,USUM72217063
63,-35,Tokei no Uta,S8481,ののちゃん(村方乃々佳),/track?id=69398679,https://www.tiktok.com/music/Tokei-no-Uta-7040608212294388481,KINGRECORDS,"Dec 15, 2021",82,90K,532K,28,"Dec 10, 2022",7,-5.00,JPKI02118106
64,New,Big weenie,S2545,Hopez99,/track?id=97510980,https://www.tiktok.com/music/Big-weenie-7174579164068972545,4629680 Records DK,"Dec 7, 2022",160,89K,93K,64,"Dec 17, 2022",5,,QZTB62213110
65,-33,Tap Tap (Lil Uzi Vert),S4875,sped up nightcore,/track?id=96098201,https://www.tiktok.com/music/Tap-Tap-Lil-Uzi-Vert-7155202727323224875,P2022,"Nov 20, 2022",89,88K,511K,29,"Dec 3, 2022",7,-4.71,USAT22221438
66,-4,Sure Thing,S4577,Miguel,/track?id=15447187,https://www.tiktok.com/music/Sure-Thing-249781186229784577,Jive,"Aug 16, 2019",30,85K,1.4M,2,"Jan 14, 2023",18,-0.57,USJI10800160
67,37,Collide (Sped Up Remix),,"Justine Skye, Tyga",/track?id=79923545,https://www.tiktok.com/music/null,Nynetineth LLC,"Apr 18, 2022",117,84K,237K,67,"Dec 17, 2022",2,5.29,QM24S2201724
68,-14,It's Beginning to Look a Lot like Christmas,,Michael Bublé,/track?id=26838018,https://www.tiktok.com/music/null,Reprise,"Oct 28, 2019",40,84K,1.2M,43,"Dec 3, 2022",13,-2.00,USRE11300223
69,-8,Beat Automotivo Tan Tan Tan Viral,S4978,WZ Beat,/track?id=83331455,https://www.tiktok.com/music/Beat-AutomotivoTan-Tan-Tan-7155425673559934978,WZ Beat,"May 25, 2022",8,83K,5M,2,"Jul 16, 2022",40,-1.14,BXWEH2200054
70,81,Heart To Heart,S3410,Mac DeMarco,/track?id=22958808,https://www.tiktok.com/music/Heart-To-Heart-6792497727390353410,Mac’s Record Label,"Sep 2, 2019",143,82K,132K,24,"Jan 21, 2023",14,11.57,QZG4T1900008
71,-15,Just Wanna Rock,S6574,Lil Uzi Vert,/track?id=94209493,https://www.tiktok.com/music/Just-Wanna-Rock-7143731623425526574,Generation Now/Atlantic,"Oct 14, 2022",21,82K,1.7M,3,"Oct 29, 2022",25,-2.14,USAT22219211
72,118,PTPOM 2.0,S7922,"Mohead Mike, Moneybagg Yo, Big Boogie",/track?id=74435179,https://www.tiktok.com/music/PTPOM-20-7051449395338577922,Run It Up Records,"Jan 9, 2022",131,81K,163K,41,"Dec 24, 2022",12,16.86,USA2P2200787
73,122,PTPOM 2.0,,"MoHead Mike, Moneybagg Yo, Big Boogie",/track?id=74534060,https://www.tiktok.com/music/null,Run It Up Records,"Jan 9, 2022",138,80K,140K,42,"Dec 24, 2022",7,17.43,USA2P2200786
74,-33,Fade Freestyle,,ZXAE,/track?id=97688882,https://www.tiktok.com/music/null,ZxaeZaza,"Jun 1, 2021",119,80K,225K,41,"Dec 10, 2022",4,-4.71,QZJG52195750
75,-26,No Love,,J.K. Mac,/track?id=96738152,https://www.tiktok.com/music/null,Run It Up Records,"Nov 27, 2022",121,79K,215K,48,"Jan 14, 2023",11,-3.71,USA2P2254199
76,-19,Stand up,,,,https://www.tiktok.com/music/null,,"Nov 7, 2022",57,79K,823K,12,"Nov 19, 2022",9,-2.71,QZTAX2251550
77,-27,No Love,S2290,J.K. Mac,/track?id=96687317,https://www.tiktok.com/music/No-Love-7171202024636172290,Run It Up Records,"Nov 27, 2022",122,79K,215K,49,"Jan 14, 2023",11,-3.86,USA2P2254194
78,-53,On BS,S4241,"Drake, 21 Savage",/track?id=95124948,https://www.tiktok.com/music/On-BS-7162017077832714241,OVO / Republic Records,"Nov 3, 2022",96,78K,428K,25,"Dec 10, 2022",6,-7.57,USUG12208600
79,New,Promise - Sped Up,,,,https://www.tiktok.com/music/null,,"Dec 8, 2022",171,76K,77K,79,"Dec 17, 2022",3,,DGA082217293
80,103,Blind,S6081,SZA,/track?id=97075535,https://www.tiktok.com/music/Blind-7175026304402606081,Top Dawg Entertainment/RCA Records,"Dec 5, 2022",156,76K,108K,80,"Dec 17, 2022",4,14.71,USRC12204589
81,New,"Captain Save a Hoe (feat. The Click, D-Shot, B-Legit & Suga T)",,"E-40, The Click, D-Shot, B-Legit, Suga T",/track?id=15446041,https://www.tiktok.com/music/null,Jive,"Dec 8, 2022",170,75K,77K,81,"Dec 17, 2022",3,,USJI10301182
82,-15,Sunroof,S6594,"Nicky Youre, dazy",/track?id=67502648,https://www.tiktok.com/music/Sunroof-7030869625311086594,Thirty Knots,"Nov 14, 2021",4,74K,7.8M,3,"May 14, 2022",63,-2.14,QM24S2107064
83,New,هي,,,,https://www.tiktok.com/music/null,,"Dec 11, 2022",163,74K,88K,40,"Dec 24, 2022",4,,NLRD52212302
84,-18,Aesthetic,S7346,"Tollan Kim, Kudasaibeats",/track?id=75979639,https://www.tiktok.com/music/Aesthetic-7072513628145977346,Tollan Kim,"Mar 7, 2022",10,73K,4.4M,5,"Jul 9, 2022",48,-2.57,SGB502208576
85,New,here with me,,,,https://www.tiktok.com/music/null,,"Dec 5, 2022",165,73K,87K,85,"Dec 17, 2022",3,,DGA072256956
86,-1,Rockin' Around The Christmas Tree,S8657,Brenda Lee,/track?id=15530168,https://www.tiktok.com/music/Rocking-Around-The-Christmas-Tree-6846439085230278657,MCA Nashville,"Sep 2, 2019",92,70K,463K,52,"Dec 24, 2022",7,-0.14,USMC15848998
87,-18,Microwave Popcorn,S7122,Bo Burnham,/track?id=83423626,https://www.tiktok.com/music/Microwave-Popcorn-7104718134493317122,Bo Burnham,"Jun 1, 2022",134,70K,145K,69,"Dec 10, 2022",4,-2.57,USA2P2225062
88,12,Love Overdose,S1650,Rod Wave,/track?id=95821930,https://www.tiktok.com/music/Love-Overdose-7167108235499931650,Alamo,"Nov 16, 2022",140,70K,137K,88,"Dec 17, 2022",2,1.71,USQX92205987
89,-46,Doves In The Wind,S6806,SZA,/track?id=15679076,https://www.tiktok.com/music/doves-in-the-wind-6894896827783596806,Top Dawg Entertainment/RCA Records,"Aug 17, 2019",50,68K,915K,20,"Nov 26, 2022",5,-6.57,USRC11701112
90,New,Juicy Ahhh,S6866,J.P,/track?id=97063421,https://www.tiktok.com/music/Juicy-Ahhh-7173485717216036866,Crazy Off Tha 808's Records,"Dec 4, 2022",174,68K,68K,90,"Dec 17, 2022",3,,QZTB52250007
91,45,Escapism. - Super Sped Up,,,,https://www.tiktok.com/music/null,,"Dec 5, 2022",150,66K,115K,91,"Dec 17, 2022",10,6.43,QMFME2255954
92,New,Si te sabes el TikTok baila,,,,https://www.tiktok.com/music/null,,"Dec 11, 2022",175,66K,66K,92,"Dec 17, 2022",3,,DGA082222806
93,-62,Flaming Youth,,,,https://www.tiktok.com/music/null,,"Nov 18, 2022",69,66K,706K,19,"Nov 26, 2022",4,-8.86,QZTB22229195
94,-18,Monkeys Spinning Monkeys,S9249,"Kevin MacLeod, Kevin",/track?id=17158836,https://www.tiktok.com/music/Monkeys-Spinning-Monkeys-6746993352891189249,642414 Records DK2,"Oct 11, 2019",2,66K,12M,10,"Jun 26, 2021",104,-2.57,USUAN1400011
95,-22,TV,S9745,Billie Eilish,/track?id=85082541,https://www.tiktok.com/music/TV-7122873411075999745,Darkroom/Interscope Records,"Jul 20, 2022",44,65K,1.1M,25,"Nov 12, 2022",16,-3.14,USUM72213724
96,-24,Superman,S8290,Trixx,/track?id=80976319,https://www.tiktok.com/music/Superman-6898107713574668290,2067395 Records DK,"Nov 22, 2020",105,63K,344K,51,"Nov 26, 2022",5,-3.43,QZNWU2016788
97,-49,No Kizzy,S6274,Rob49,/track?id=31034329,https://www.tiktok.com/music/No-Kizzy-7159022067042486274,Jay Rebel Music,"Feb 2, 2021",61,63K,794K,10,"Nov 26, 2022",11,-7.00,QZES72081012
98,New,Wine Pon You - Sped Up,,,,https://www.tiktok.com/music/null,,"Dec 5, 2022",176,62K,65K,98,"Dec 17, 2022",5,,DGA082202556
99,-46,Why You Asking All Them Questions,S4741,Spoken Reasons,/track?id=28824421,https://www.tiktok.com/music/Why-You-Asking-All-Them-Questions-6815815835320404741,FCHW,"Apr 16, 2021",46,60K,1M,15,"Nov 19, 2022",10,-6.57,TCAEC1900577
100,New,Baby got back,,Hopez99,/track?id=97750380,https://www.tiktok.com/music/null,4629680 Records DK,"Dec 9, 2022",178,60K,60K,100,"Dec 17, 2022",3,,QZTB62287224
101,21,Samara Night,,,,https://www.tiktok.com/music/null,,"Dec 4, 2022",159,59K,103K,101,"Dec 17, 2022",3,3.00,QZTB52250297
102,New,All Mine (Jersey Club),,,,https://www.tiktok.com/music/null,,"Dec 11, 2022",179,58K,58K,58,"Jan 21, 2023",7,,QZTB72214669
103,38,Until I Found You - Em Beihold Version,S3393,"Stephen Sanchez, Em Beihold",/track?id=79885986,https://www.tiktok.com/music/Until-I-Found-You-Em-Beihold-Version-7087357618617403393,Republic Records,"Apr 14, 2022",83,58K,527K,34,"Mar 18, 2023",11,,USUG12202266
104,-29,NO,S4128,Meghan Trainor,/track?id=15797771,https://www.tiktok.com/music/NO-213902202866864128,Epic,"Aug 17, 2019",47,57K,1M,29,"Nov 19, 2022",7,-4.14,USSM11600935
105,New,Si te sabes el TikTok baila,,,,https://www.tiktok.com/music/null,,"Dec 11, 2022",180,56K,56K,105,"Dec 17, 2022",1,,DGA082222803
106,-15,Awkward,S0786,SZA,/track?id=83610381,https://www.tiktok.com/music/Awkward-7106619917994870786,Top Dawg Entertainment/RCA Records,"Jun 6, 2022",20,56K,1.8M,13,"Sep 10, 2022",17,-2.14,USRC12202150
107,-17,Tukoh Taka - Official FIFA Fan Festival™ Anthem,S5489,"Nicki Minaj, Maluma, Myriam Fares, FIFA Sound",/track?id=95775785,https://www.tiktok.com/music/Tukoh-Taka-Official-FIFA-Fan-Festival™-Anthem-7164612486564415489,Universal Arabic Music / Republic Records,"Nov 10, 2022",130,56K,168K,90,"Dec 10, 2022",6,-2.43,USUM72221299
108,-27,Put It On Me,S8817,YoungBoy Never Broke Again,/track?id=91350382,https://www.tiktok.com/music/Put-It-On-Me-7140696319504418817,"Never Broke Again, LLC","Sep 6, 2022",23,55K,1.6M,12,"Nov 5, 2022",16,-3.86,USAT22214618
109,-41,Job Bacdob Job Snea - Special Version,,Srey Leap,/track?id=96691809,https://www.tiktok.com/music/null,4443111 Records DK,"Nov 10, 2022",77,55K,591K,23,"Nov 19, 2022",5,-5.86,QZTAY2251012
110,-73,Side By Side,,,,https://www.tiktok.com/music/null,,"Nov 17, 2022",72,55K,639K,16,"Nov 26, 2022",4,-10.43,ARQIW2208478
111,-34,just wanna rock (Lil Uzi Vert) [Sped Up Version],S5786,sped up nightcore,/track?id=93908893,https://www.tiktok.com/music/just-wanna-rock-Lil-Uzi-Vert-7146446566713215786,P2022,"Oct 6, 2022",24,55K,1.6M,5,"Oct 22, 2022",15,-4.86,USAT22219206
112,-42,We Gone Eat,S7714,T-Speed & 5upamanHOE,/track?id=32532856,https://www.tiktok.com/music/We-Gone-Eat-6914833065562867714,T-speed & 5upamanHoe,"Jan 6, 2021",87,55K,513K,63,"Nov 26, 2022",8,-6.00,QZNN22127200
113,-42,Hungry Eatin,S5489,Tesla Boyz,/track?id=64737156,https://www.tiktok.com/music/Hungry-Eatin-7089175695637055489,Young Money,"Apr 20, 2022",88,55K,512K,64,"Nov 26, 2022",8,-6.00,QZFYW2103268
114,-50,Lollipop,S7758,"Lil Wayne, Static Major",/track?id=15193367,https://www.tiktok.com/music/Lollipop-145167758,CM/Republic,"Sep 2, 2019",27,54K,1.5M,7,"Nov 12, 2022",7,-7.14,USCM50800556
115,New,Fill Her Cup,S0162,"Not Daveo, Kyle Richh",/track?id=97606717,https://www.tiktok.com/music/Fill-Her-Cup-7174898476868700162,4668075 Records DK,"Dec 7, 2022",181,54K,55K,115,"Dec 17, 2022",2,,QZTB62238146
116,81,Under The Influence,S6369,Chris Brown,/track?id=25526180,https://www.tiktok.com/music/Under-The-Influence-6742896151436986369,Chris Brown Entertainment/RCA Records,"Sep 30, 2019",18,54K,1.9M,4,"Jan 7, 2023",30,11.57,USRC11902743
117,-1,Jingle Bell Rock,S3633,Bobby Helms,/track?id=15529965,https://www.tiktok.com/music/Jingle-Bell-Rock-6735289326013253633,Geffen* Records,"Sep 2, 2019",74,54K,617K,70,"Dec 25, 2021",8,-0.14,USMC15746480
118,-71,Magic Fingers,,,,https://www.tiktok.com/music/null,,"Oct 31, 2022",28,53K,1.5M,3,"Nov 12, 2022",7,-10.14,DGA062201467
119,New,Mientes Tan Bien,S3234,Eden Muñoz,/track?id=94135407,https://www.tiktok.com/music/Mientes-Tan-Bien-7148597332987103234,Lizos Music,"Sep 28, 2022",173,53K,69K,119,"Dec 17, 2022",2,,MXB952200125
120,New,Escapism - Sped Up,,,,https://www.tiktok.com/music/null,,"Dec 5, 2022",183,53K,53K,116,"Dec 24, 2022",5,,DGA072298350
121,43,BAM BAM SHAWAM ORIGINAL,S0337,Kevin Jz Prodigy,/track?id=66691845,https://www.tiktok.com/music/BAM-BAM-SHAWAM-ORIGINAL-7007244121647630337,2605977 Records DK,"Sep 12, 2021",149,52K,115K,121,"Dec 17, 2022",3,6.14,QZMEQ2140213
122,-63,"Captain Save a Hoe (feat. The Click, D-Shot, B-Legit & Suga T)",,"E-40, The Click, D-Shot, B-Legit, Suga T",/track?id=15446041,https://www.tiktok.com/music/null,Jive,"Aug 16, 2019",113,52K,250K,59,"Dec 10, 2022",3,-9.00,USJI10301182
123,-89,Un Poco Loco,S4169,"Anthony Gonzalez, Gael Garcia Bernal",/track?id=17322777,https://www.tiktok.com/music/Un-Poco-Loco-5000000001457884169,Walt Disney Records,"Sep 5, 2019",99,51K,400K,34,"Dec 10, 2022",3,-12.71,USWD11783639
124,-23,Escapism. Sped up (Official),S5457,"RAYE, 070 Shake",/track?id=94059971,https://www.tiktok.com/music/Escapism-7146071473319315457,Human Re Sources,"Nov 17, 2022",137,51K,142K,101,"Dec 10, 2022",5,-3.29,QMDA62217995
125,New,Future In,,,,https://www.tiktok.com/music/null,,"Dec 6, 2022",177,51K,61K,125,"Dec 17, 2022",4,,NLRD52212293
126,New,OTR Freestyle - 41 Cypher,S7569,Riverside Records,/track?id=84278364,https://www.tiktok.com/music/OTR-Freestyle-41-Cypher-7114391572783597569,God1st,"Jun 27, 2022",166,51K,87K,13,"Dec 24, 2022",3,,QZK6J2239036
127,-34,Si te sabes el TikTok baila,,,,https://www.tiktok.com/music/null,,"Nov 30, 2022",153,51K,112K,93,"Dec 10, 2022",4,-4.86,DGA072281370
128,-40,Salam alykum,S5745,Hopez99,/track?id=97298408,https://www.tiktok.com/music/Salam-alykum-7172202410012575745,4629680 Records DK,"Nov 30, 2022",148,51K,121K,88,"Dec 10, 2022",5,-5.71,QZTB42280175
129,65,JDM Trap Beat X Mr Smokey,,,,https://www.tiktok.com/music/null,,"Sep 22, 2021",109,50K,314K,121,"Jan 14, 2023",8,9.29,APID11000965
130,-15,They think You're GAY,S4754,Viral Sound God,/track?id=98440394,https://www.tiktok.com/music/They-think-You're-GAY-7171985431230154754,TWENEFFOUR MUSIC GROUP,"Nov 30, 2022",146,50K,123K,115,"Dec 10, 2022",2,-2.14,IEWGI2205297
131,New,WORTH NOTHING - Fast & Furious: Drift Tape/Phonk Vol 1,S1426,"TWISTED, Oliver Tree",/track?id=93693192,https://www.tiktok.com/music/WORTH-NOTHING-Fast-Furious-Drift-TapePhonk-Vol-1-7148588241090791426,4421497 Records DK,"Sep 28, 2022",124,49K,197K,131,"Dec 17, 2022",1,,QZNWZ2297541
132,-50,Self Esteem (featuring NLE Choppa),,"Lambo4oe, NLE Choppa",/track?id=96228548,https://www.tiktok.com/music/null,Artist Partner Group,"Nov 10, 2022",139,49K,138K,82,"Dec 10, 2022",2,-7.14,QZVFR2200219
133,-19,Glock In My Lap,S5137,"21 Savage, Metro Boomin",/track?id=31530700,https://www.tiktok.com/music/Glock-In-My-Lap-6878751778305755137,"Slaughter Gang, LLC/Epic/Boominati Worldwide/Republic","Sep 30, 2020",29,48K,1.5M,15,"Aug 27, 2022",32,-2.71,USSM12006061
134,-39,Sweater Weather (Sped Up),,,,https://www.tiktok.com/music/null,,"Sep 28, 2022",35,47K,1.4M,10,"Oct 8, 2022",13,-5.57,USSM12209549
135,New,Wop It,S5714,Lil Vada,/track?id=93953753,https://www.tiktok.com/music/Wop-It-7149072647312115714,F Cancer Records,"Sep 29, 2022",184,47K,53K,98,"Dec 24, 2022",4,,QZPLR2248952
136,-56,-غضب,,,,https://www.tiktok.com/music/null,,"Oct 27, 2022",55,47K,876K,15,"Nov 5, 2022",7,-8.00,NLRD52212205
137,40,BAM BAM SHAWAM PART 2,S3025,Kevin Jz Prodigy,/track?id=66691878,https://www.tiktok.com/music/BAM-BAM-SHAWAM-PART-2-7007244121127553025,2605977 Records DK,"Sep 12, 2021",164,47K,88K,137,"Dec 17, 2022",3,5.71,QZMEQ2140212
138,40,BAM BAM SHAWAM PART TWO,,Kevin Jz Prodigy,/track?id=95767296,https://www.tiktok.com/music/null,2605977 Records DK,"Nov 5, 2022",168,47K,81K,138,"Dec 17, 2022",3,5.71,QZTAW2286700
139,-56,Made You Look,S0650,Meghan Trainor,/track?id=94279263,https://www.tiktok.com/music/Made-You-Look-7153075272433060650,Epic,"Oct 12, 2022",45,47K,1.1M,16,"Nov 19, 2022",14,-8.00,USSM12204574
140,13,Last Christmas (Remastered),,Wham!,/track?id=12487699,https://www.tiktok.com/music/null,Aegean/Epic,"Aug 16, 2019",49,46K,936K,17,"Dec 24, 2022",6,1.86,GBARL0601611
141,New,Let Me Get Em,S1762,"Corey Floca, Legendary Always, Legendary Princess",/track?id=98052642,https://www.tiktok.com/music/Let-Me-Get-Em-7174259551217141762,,"Dec 6, 2022",186,46K,46K,141,"Dec 17, 2022",1,,QZTB52290082
142,46,Goo Goo Muck,S8018,The Cramps,/track?id=15420599,https://www.tiktok.com/music/Goo-Goo-Muck-6926414920577878018,Parlophone Catalogue,"Sep 2, 2019",162,45K,92K,115,"Dec 24, 2022",3,6.57,USIR38100013
143,New,Hey There,S3088,"DeJ Loaf, Future",/track?id=15796391,https://www.tiktok.com/music/Hey-There-242450989482713088,IBGM/Columbia,"Aug 17, 2019",84,45K,520K,143,"Dec 17, 2022",3,,USSM11505767
144,New,See Red - Sped Up,,,,https://www.tiktok.com/music/null,,"Dec 5, 2022",187,45K,46K,142,"Jan 21, 2023",6,,DGA082202401
145,-40,CUFF IT,S4642,Beyoncé,/track?id=86017834,https://www.tiktok.com/music/CUFF-IT-7125869564990064642,Parkwood Entertainment/Columbia,"Jul 27, 2022",34,44K,1.4M,31,"Oct 8, 2022",19,-5.71,USSM12206232
146,New,Am Sorry,,,,https://www.tiktok.com/music/null,,"Dec 9, 2022",189,43K,44K,146,"Dec 17, 2022",2,,QZTB62287546
147,7,My Superhero Movie ,S9739,Jacob Jeffries,/track?id=20277353,https://www.tiktok.com/music/My-Superhero-Movie-7166346585314429739,Watertower Music,"Aug 21, 2019",107,43K,324K,79,"Dec 3, 2022",4,1.00,USNLR1800352
148,New,Wine Pon You (sped up + pitched) - Remix,S7458,"Xanemusic, NVBR",/track?id=97113827,https://www.tiktok.com/music/Wine-Pon-You-sped-up-pitched-7174521217465747458,Xanemusic,"Dec 6, 2022",190,43K,44K,148,"Dec 17, 2022",3,,ARIXB2208899
149,New,TaTa Why does everybody think we f,S6369,theatgarchive,/track?id=97082880,https://www.tiktok.com/music/TaTa-Why-does-everybody-think-we-f-7173939963174586369,archives,"Dec 5, 2022",191,42K,43K,149,"Dec 17, 2022",1,,QZTB52273538
150,2,Top Muslim dua,,,,https://www.tiktok.com/music/null,,"Nov 27, 2022",158,42K,105K,150,"Dec 17, 2022",2,0.29,QZTB32298436
151,-8,حماسي جدا مبحوث عنه - بطيء,S1041,كوفر بطيء,/track?id=97270588,https://www.tiktok.com/music/حماسي-جدا-مبحوث-عنه-بطيء-7171403462834391041,4572620 Records DK,"Nov 28, 2022",157,42K,106K,143,"Dec 10, 2022",2,-1.14,QZTB42220365
152,-31,Karma,S8626,Summer Walker,/track?id=21820057,https://www.tiktok.com/music/Karma-Sped-Up-7125644935037978626,LVRN/Interscope Records,"Sep 2, 2019",32,42K,1.4M,35,"Aug 20, 2022",15,-4.43,USUM71816370
153,-46,Glue Alt,,,,https://www.tiktok.com/music/null,,"Nov 21, 2022",136,41K,143K,107,"Dec 3, 2022",3,,GBCFB2200872
154,New,Deck the Halls Fa La La,,,,https://www.tiktok.com/music/null,,"Dec 5, 2022",185,41K,48K,154,"Dec 17, 2022",1,,SGB502253028
155,-9,Melting,S8069,Kali Uchis,/track?id=13823571,https://www.tiktok.com/music/Melting-7082152009201208069,Geffen Records,"Mar 23, 2020",41,41K,1.2M,9,"Nov 19, 2022",14,-1.29,QM8DG1400266
156,-28,Funny Song,S7666,Cavendish Music,/track?id=34784021,https://www.tiktok.com/music/Funny-Song-6732536571318257666,Cavendish Music,"Sep 2, 2019",14,41K,2.7M,42,"Jun 11, 2022",48,-4.00,GBBGY1743613
157,-59,Unholy,,,,https://www.tiktok.com/music/null,,"Sep 19, 2022",37,40K,1.3M,23,"Nov 5, 2022",16,-8.43,GBUM72206302
158,New,Miguel Linares Muñoz,,,,https://www.tiktok.com/music/null,,"Dec 11, 2022",192,40K,40K,158,"Dec 17, 2022",1,,DGA082222792
159,1,cardigan,S8326,Taylor Swift,/track?id=30368712,https://www.tiktok.com/music/cardigan-7117836545108888326,Taylor Swift,"Aug 18, 2020",118,40K,231K,88,"Nov 26, 2022",5,0.14,USUG12002836
160,-48,Foode,,,,https://www.tiktok.com/music/null,,"Oct 16, 2022",100,39K,396K,82,"Dec 3, 2022",8,-6.86,DGA052224556
161,New,Worth Nothing Speed Up,,,,https://www.tiktok.com/music/null,,"Nov 16, 2022",188,39K,46K,161,"Dec 17, 2022",1,,QZTAZ2283196
162,New,Palace,S8738,ADTurnUp,/track?id=88291671,https://www.tiktok.com/music/Palace-8D-Audio-7153487372183668738,4157386 Records DK,"Sep 6, 2022",126,39K,182K,160,"Dec 24, 2022",3,,QZMEQ2216719
163,-77,"You're a Mean One, Mr. Grinch",S1462,"Tyler, The Creator",/track?id=21853154,https://www.tiktok.com/music/You're-a-Mean-One-Mr-Grinch-6624907180273011462,Columbia,"Oct 24, 2019",54,38K,882K,56,"Dec 24, 2022",4,-11.00,USQ4E1804014
164,New,Mariners Apartment Complex,S8818,Lana Del Rey,/track?id=20558676,https://www.tiktok.com/music/Mariners-Apartment-Complex-6600546691055618818,Lana Del Rey / Interscope PS,"Sep 2, 2019",120,38K,221K,164,"Dec 17, 2022",1,,USUG11801801
165,New,Dance Dance Dance With My Hands Hands Hands (Speed Up) - Remix,S6209,Bella DJ,/track?id=97111042,https://www.tiktok.com/music/Dance-Dance-Dance-With-My-Hands-Hands-Hands-Speed-Up-7174088259964766209,DigiMusic,"Dec 5, 2022",182,38K,53K,165,"Dec 17, 2022",2,,ARIXB2208871
166,-53,Enegma,,Pryda,/track?id=97019790,https://www.tiktok.com/music/null,4610490 Records DK2,"Nov 19, 2022",145,38K,124K,113,"Dec 10, 2022",2,-7.57,QZTB22241117
167,-56,Pretty Boy Swag,,Soulja Boy,/track?id=15917135,https://www.tiktok.com/music/null,Mr. Collipark,"Sep 7, 2019",13,38K,3.4M,1,"Oct 15, 2022",11,-8.00,USUM71015226
168,12,imscared </3,S2241,seirbwi,/track?id=89034063,https://www.tiktok.com/music/imscared-3-7130991947983882241,3223347 Records DK,"Aug 11, 2022",112,38K,253K,37,"Apr 8, 2023",8,1.71,QZNWQ2251410
169,23,I Was Never There,S5937,"The Weeknd, Gesaffelstein",/track?id=18897029,https://www.tiktok.com/music/I-Was-Never-There-6791241140050855937,The Weeknd,"Sep 12, 2019",19,37K,1.9M,22,"Jul 9, 2022",23,,USUG11800570
170,-12,Glock In My Lap,S5137,"21 Savage, Metro Boomin",/track?id=31530700,https://www.tiktok.com/music/Glock-In-My-Lap-6878751778305755137,"Slaughter Gang, LLC/Epic/Boominati Worldwide/Republic","Oct 16, 2020",33,37K,1.4M,17,"Aug 20, 2022",15,-1.71,USSM12006061
171,-97,Bs - Intro,S5682,Lil mavi,/track?id=97001463,https://www.tiktok.com/music/Bs-Intro-7166049183839815682,Indiefy,"Nov 14, 2022",129,37K,170K,74,"Dec 10, 2022",2,-13.86,QZDFP2035080
172,3,Payback,S5365,CeeFineAss,/track?id=29866123,https://www.tiktok.com/music/Payback-6714399442155375365,CeeFineAss,"Mar 24, 2020",73,37K,631K,131,"Nov 26, 2022",4,0.43,QZ85M1975742
173,New,Gatita,S4901,Bellakath,/track?id=93864820,https://www.tiktok.com/music/Gatita-7167474642591664901,2325065 Records DK,"Oct 2, 2022",161,37K,92K,173,"Dec 17, 2022",1,,QZPLR2286558
174,-57,"Kai Cenat ""I Don't Care"" - Club Remix",S4226,Corey Floca,/track?id=95773111,https://www.tiktok.com/music/Kai-Cenat-I-Don't-Care-Club-Remix-7159074342192564226,Floc Wrld Entertainment LLC,"Oct 26, 2022",94,37K,456K,39,"Nov 12, 2022",7,-8.14,QZTAT2292217
175,-69,Twerk Out,S2273,"75 Big Mac, Djflykidd, LIVEDREAD",/track?id=70306452,https://www.tiktok.com/music/Twerk-Out-7039829920368822273,3518006 Records DK,"Dec 8, 2021",106,36K,333K,81,"Nov 26, 2022",5,-9.86,QZRP52137042
176,New,Last Christmas,,,,https://www.tiktok.com/music/null,,"Dec 5, 2022",196,36K,37K,14,"Dec 24, 2022",5,,DGA072245248
177,-27,"Unstoppable (I put my armor on, show you how strong I am)",S0337,Sia,/track?id=15677760,https://www.tiktok.com/music/Unstoppable-7161052726493710337,Monkey Puzzle Records/RCA Records,"Jul 28, 2021",53,36K,887K,121,"Dec 3, 2022",7,-3.86,USRC11502934
178,-79,Ljubav,,,,https://www.tiktok.com/music/null,,"Nov 21, 2022",135,36K,144K,98,"Dec 3, 2022",3,-11.29,SGB502288506
179,-11,My Heart Will Go On (Titanic),S8273,"Maliheh Saeedi, Faraz Taali",/track?id=29030327,https://www.tiktok.com/music/My-Heart-Will-Go-On-Titanic-6718589941149878273,Ney davoud,"Aug 21, 2019",98,36K,406K,145,"Dec 3, 2022",3,-1.57,IRIRA1100652
180,-43,Many Chances,,,,https://www.tiktok.com/music/null,,"Nov 9, 2022",115,36K,238K,74,"Nov 26, 2022",4,-6.14,QZDFP2034017
181,New,OKAY,,Kxruma,/track?id=96147207,https://www.tiktok.com/music/null,4082959 Records DK,"Aug 6, 2022",172,36K,75K,181,"Dec 17, 2022",1,,QZMER2235044
182,New,Jumpscare Full Length,,,,https://www.tiktok.com/music/null,,"Dec 6, 2022",195,36K,37K,182,"Dec 17, 2022",1,,QZTB52294204
183,New,When He Sees Me,,Kimiko Glenn,/track?id=16029590,https://www.tiktok.com/music/null,DMI Soundtracks,"Aug 19, 2019",132,36K,161K,183,"Dec 17, 2022",1,,USWB11600728
184,-87,Gilded Lily - Sped Up,S8833,Cults,/track?id=94838046,https://www.tiktok.com/music/Gilded-Lily-Sped-Up-7158848192757368833,Sinderlyn,"Oct 25, 2022",114,36K,248K,97,"Dec 10, 2022",4,-12.43,QM8QH2000855
185,New,Si te sabes el TikTok baila,,,,https://www.tiktok.com/music/null,,"Dec 8, 2022",193,36K,38K,185,"Dec 17, 2022",1,,DGA082216519
186,New,Danger,,,,https://www.tiktok.com/music/null,,"Dec 6, 2022",194,36K,37K,186,"Dec 17, 2022",1,,QZTB52290018
187,-77,Aliena a Bah a Bah a Ba Ba Ba....,,,,https://www.tiktok.com/music/null,,"Nov 22, 2022",141,36K,137K,109,"Dec 3, 2022",3,-11.00,SGB502288345
188,-70,سعيدة,,,,https://www.tiktok.com/music/null,,"Dec 2, 2022",167,36K,83K,118,"Dec 10, 2022",2,-10.00,NLRD52212282
189,-59,Chasing Youuu,S1697,Shawn P,/track?id=95439221,https://www.tiktok.com/music/Chasing-Youuu-7163442416538781697,Shawn p,"Nov 7, 2022",86,35K,518K,24,"Nov 12, 2022",6,-8.43,QZNMY2225423
190,-51,Ex For A Reason,S9425,"Summer Walker, JT, City Girls",/track?id=63893559,https://www.tiktok.com/music/Ex-For-A-Reason-7018701135311079425,LVRN/Interscope Records,"Oct 13, 2021",76,35K,591K,74,"Nov 19, 2022",9,-7.29,USUM72118243
191,-146,Addams Family Theme,S6178,HeathisHuman,/track?id=26051188,https://www.tiktok.com/music/Addams-Family-Theme-6914472234480306178,Lakeshore Records,"Jan 5, 2021",116,35K,237K,45,"Dec 10, 2022",2,-20.86,USLS51952341
192,-35,Hard Carpet,,,,https://www.tiktok.com/music/null,,"Oct 31, 2022",93,34K,458K,33,"Nov 12, 2022",7,-5.00,DGA062201468
193,-64,I Been Drinking,S5424,Future,/track?id=13881143,https://www.tiktok.com/music/I-Been-Drinking-308427476223975424,Swagg Nation Records LLC,"Aug 21, 2019",152,34K,112K,129,"Dec 10, 2022",9,-9.14,QMFMF1462006
194,New,Stupid,,,,https://www.tiktok.com/music/null,,"Dec 11, 2022",198,34K,34K,194,"Dec 17, 2022",1,,NLRD52212297
195,New,Pills,S4449,Chop6x,/track?id=97721005,https://www.tiktok.com/music/Pills-7155590522365544449,Pressure Gang ent,"Oct 16, 2022",197,34K,36K,195,"Dec 17, 2022",1,,QZNMX2245273
196,-70,Genesis,S7250,Bravo1-2,/track?id=95918091,https://www.tiktok.com/music/Genesis-Slowed-7184884186690357250,Bravo1-2,"Nov 16, 2022",128,34K,174K,115,"Dec 3, 2022",4,-10.00,QMFME2201162
197,-74,Debt,,,,https://www.tiktok.com/music/null,,"Dec 4, 2022",169,34K,78K,123,"Dec 10, 2022",2,-10.57,DGA072295405
198,-51,Gilded Lily,S9457,Cults,/track?id=17089345,https://www.tiktok.com/music/Gilded-Lily-6779643805101459457,Sinderlyn,"Jan 7, 2020",90,34K,509K,32,"Oct 29, 2022",12,-7.29,QM8QH1700573