Rank,Change,Country,Artist,Monthly Listeners,Weekly Listeners Change,Internal Link,Peak Position,Peak Date,Weeks on Chart,Current Weekly Streak
1,0,Israel,Dennis Lloyd,6.2M,7967758,/artist?id=277771,1,"Jun 23, 2022",31,1
2,15,United States,Joji,27M,7577286,/artist?id=711146,2,"Jun 23, 2022",41,2
3,-1,United Kingdom,Kate Bush,14M,4781089,/artist?id=105703,1,"Jun 9, 2022",8,4
4,0,Canada,Drake,69M,3225225,/artist?id=3380,1,"Sep 16, 2021",52,1
5,15,Dominican Republic,21 Savage,61M,3005769,/artist?id=5730,2,"Oct 15, 2020",39,2
6,2,Colombia,Shakira,79M,2304723,/artist?id=308,4,"Feb 13, 2020",57,11
7,-4,United Kingdom,Calvin Harris,64M,2173486,/artist?id=2134,1,"Jun 2, 2022",62,11
8,19,Puerto Rico,Chencho Corleone,29M,1722299,/artist?id=469886,7,"May 12, 2022",53,2
9,9,Puerto Rico,Villano Antillano,4.6M,1710725,/artist?id=3519309,9,"Jun 23, 2022",5,2
10,11,Unknown,dazy,14M,1518607,/artist?id=8099351,10,"Jun 23, 2022",19,11
11,-4,United States,Young Thug,29M,1456352,/artist?id=4517,2,"Jun 2, 2022",52,4
12,-8,Korea,BTS,37M,1273288,/artist?id=206557,2,"Jun 10, 2021",47,2
13,2,United Kingdom,Dua Lipa,62M,1234494,/artist?id=5381,8,"Jun 9, 2022",67,4
14,21,United States,Nicky Youre,16M,1218532,/artist?id=3731621,14,"Jun 23, 2022",24,13
15,-3,United States,Doja Cat,51M,1185874,/artist?id=217671,3,"Nov 5, 2020",72,3
16,27,United Kingdom,Louis Theroux,1.5M,1157099,/artist?id=3610504,16,"Jun 23, 2022",7,6
17,-6,United States,Pharrell Williams,24M,1139720,/artist?id=2143,10,"Jul 1, 2021",52,2
18,-9,United States,"Tyler, The Creator",26M,1098691,/artist?id=2498,4,"Jul 8, 2021",35,2
19,0,United States,CeeLo Green,4.3M,1096542,/artist?id=1326,19,"Jun 23, 2022",20,1
20,2,United States,Marshmello,54M,1093718,/artist?id=3907,4,"Jul 16, 2020",38,2
21,-5,United Kingdom,Musical Youth,2.1M,1070504,/artist?id=144125,11,"Jun 9, 2022",4,4
22,2,Canada,347aidan,5.8M,1056565,/artist?id=1622014,12,"Jun 9, 2022",28,4
23,-18,United States,Stephen Sanchez,34M,971140,/artist?id=3763237,5,"Jun 16, 2022",18,10
24,14,United States,Khalid,53M,969064,/artist?id=209693,10,"Apr 1, 2021",42,2
25,-11,United States,XXXTENTACION,36M,968922,/artist?id=74419,5,"Jun 2, 2022",41,4
26,22,United States,Lady Gaga,57M,944190,/artist?id=3188,1,"Jun 4, 2020",46,11
27,23,United States,OneRepublic,48M,943464,/artist?id=2796,3,"May 28, 2020",53,6
28,-22,United States,Halsey,44M,940981,/artist?id=5109,5,"Jul 16, 2020",44,2
29,-10,United States,Sleepy Hallow,8.7M,915178,/artist?id=737131,9,"Jun 11, 2020",38,4
30,7,Puerto Rico,Rauw Alejandro,49M,912572,/artist?id=224838,2,"Feb 11, 2021",69,2
31,28,Chile,Polimá Westcoast,0,897902,/artist?id=1015422,17,"May 26, 2022",23,15
32,-19,United States,Post Malone,51M,882857,/artist?id=135326,2,"Nov 11, 2021",32,6
33,644,Brazil,Baco Exu do Blues,4.7M,882034,/artist?id=525865,33,"Jun 23, 2022",6,2
34,155,Colombia,Feid,39M,877300,/artist?id=152776,21,"Apr 14, 2022",57,4
35,883,United States,Black Eyed Peas,40M,871355,/artist?id=728,5,"Jan 7, 2021",49,4
36,30,Unknown,Pailita,10M,837320,/artist?id=3765579,16,"May 26, 2022",26,16
37,0,United States,Kenny Dope,5.5M,826102,/artist?id=99018,37,"Jun 23, 2022",1,1
38,13,Sweden,ABBA,26M,784788,/artist?id=227,12,"Jan 7, 2021",58,13
39,68,France,Daddy DJ,2M,778634,/artist?id=142818,39,"Jun 23, 2022",3,3
40,7,United Kingdom,James Hype,13M,775615,/artist?id=631487,40,"Jun 23, 2022",24,13
41,0,United Kingdom,Ella Eyre,8.5M,756874,/artist?id=4481,41,"Jun 23, 2022",22,1
42,0,India,The Kidd,2.5M,756673,/artist?id=1418636,42,"Jun 23, 2022",3,1
43,0,Unknown,Moojo,301K,725456,/artist?id=1448753,43,"Jun 23, 2022",1,1
44,43,United Kingdom,LF SYSTEM,5.4M,685592,/artist?id=3561120,44,"Jun 23, 2022",4,4
45,-14,United Kingdom,Duke & Jones,1.9M,670262,/artist?id=227755,21,"Jun 9, 2022",16,6
46,-23,Colombia,Bomba Estéreo,17M,644004,/artist?id=3490,1,"May 26, 2022",16,7
47,-1,Unknown,BYOR,9.4M,630980,/artist?id=37180,40,"Jun 9, 2022",20,18
48,-23,Puerto Rico,Chris Jedi,9M,629042,/artist?id=59143,14,"Jun 9, 2022",22,5
49,-13,United States,Kenny Loggins,9.9M,628153,/artist?id=639,25,"Jun 9, 2022",17,5
50,-9,India,Sidhu Moose Wala,8.4M,626621,/artist?id=713421,36,"Jun 9, 2022",16,8
51,0,Brazil,MC Mari,2.4M,626164,/artist?id=3699060,51,"Jun 23, 2022",17,1
52,3,Spain,Rvfv,7.7M,607239,/artist?id=1395386,52,"Jun 23, 2022",22,5
53,0,Nigeria,Wizkid,9M,597835,/artist?id=4390,19,"Aug 26, 2021",23,1
54,219,Unknown,Muni Long,3.7M,589612,/artist?id=3969677,26,"Feb 3, 2022",11,2
55,-6,United Kingdom,Nathan Dawe,7.8M,586961,/artist?id=1086645,38,"Jun 9, 2022",42,8
56,0,Unknown,Treyce,7.2M,576487,/artist?id=8221714,56,"Jun 23, 2022",9,1
57,0,Spain,Au/Ra,6.6M,573389,/artist?id=109663,28,"Oct 15, 2020",30,1
58,-25,Indonesia,Keisya Levronka,4.7M,569212,/artist?id=3766897,33,"Jun 16, 2022",5,5
59,15,United States,De La Ghetto,19M,562340,/artist?id=3570,14,"Apr 14, 2022",32,3
60,28,Argentina,Kaleb Di Masi,3.4M,545649,/artist?id=3710507,60,"Jun 23, 2022",18,2
61,0,United Kingdom,FKA twigs,2.8M,544915,/artist?id=4473,9,"Jul 16, 2020",15,1
62,-33,Puerto Rico,Ñengo Flow,21M,542491,/artist?id=71733,6,"Mar 26, 2020",38,8
63,15,Germany,DJ Robin,2.1M,542486,/artist?id=3518994,63,"Jun 23, 2022",6,6
64,-36,Unknown,glaive,1.4M,537565,/artist?id=3686012,28,"Jun 16, 2022",7,2
65,-33,United States,Kanye West,53M,534529,/artist?id=1845,1,"Sep 2, 2021",62,4
66,-2,Unknown,Chael Produciendo,4.2M,531632,/artist?id=951310,32,"Jul 30, 2020",29,4
67,0,France,Sebastien Drums,1.4M,529592,/artist?id=53962,67,"Jun 23, 2022",4,1
68,0,Brazil,Nagalli,5.5M,518182,/artist?id=1430441,68,"Jun 23, 2022",4,1
69,292,Brazil,Bianca,3.1M,505086,/artist?id=3771591,17,"Jul 30, 2020",5,3
70,0,United States,Joey Bada$$,9.1M,500618,/artist?id=4162,64,"Jan 20, 2022",29,1
71,-1,Brazil,Mateca,1.5M,497712,/artist?id=1334330,70,"Jun 16, 2022",2,2
72,0,Sweden,Swedish House Mafia,22M,495300,/artist?id=3643,2,"Nov 4, 2021",36,1
73,46,Kazakhstan,Imanbek,19M,484017,/artist?id=1723660,3,"Apr 16, 2020",60,11
74,-32,Argentina,Tiago PZK,14M,479941,/artist?id=1544420,20,"Aug 5, 2021",39,3
75,0,Nigeria,Tems,14M,474328,/artist?id=1345060,3,"May 5, 2022",19,1
76,-14,Germany,Zoe Wees,7M,474064,/artist?id=1679272,11,"Jun 25, 2020",42,4
77,0,United States,Diddy,13M,463882,/artist?id=1544,77,"Jun 23, 2022",21,1
78,94,United States,Yung Gravy,7.2M,463172,/artist?id=271148,61,"Jan 21, 2021",24,2
79,704,United States,Steve Lacy,28M,448143,/artist?id=490494,39,"Sep 2, 2021",31,2
80,-36,United States,Journey,17M,447965,/artist?id=362,27,"Jun 9, 2022",45,5
81,-41,United States,Latto,11M,441044,/artist?id=241165,26,"Jun 2, 2022",58,7
82,-15,United States,The Beach Boys,11M,439902,/artist?id=285,39,"Jun 9, 2022",52,4
83,32,Unknown,SleazyWorld Go,3.4M,437252,/artist?id=3883672,83,"Jun 23, 2022",13,9
84,-16,United Kingdom,Tears For Fears,16M,434626,/artist?id=438,54,"Jun 9, 2022",29,4
85,-40,United States,Berlin,4.3M,429403,/artist?id=138,33,"Jun 9, 2022",8,5
86,-60,United States,Ship Wrek,1.9M,429152,/artist?id=113877,26,"Jun 16, 2022",13,2
87,848,Spain,Alejandro Sanz,14M,426194,/artist?id=700,84,"May 28, 2020",34,3
88,-9,France,Dadju,5.3M,420897,/artist?id=612258,79,"Jun 16, 2022",24,6
89,74,Unknown,Gabriella Pizzolo,413K,419366,/artist?id=576960,89,"Jun 23, 2022",4,4
90,0,United States,Father John Misty,5.1M,419069,/artist?id=4089,90,"Jun 23, 2022",10,1
91,0,Unknown,Claudia Valentina,384K,417275,/artist?id=3747276,91,"Jun 23, 2022",1,1
92,316,United Kingdom,Ella Henderson,16M,411806,/artist?id=207284,11,"Apr 14, 2022",50,11
93,313,United Kingdom,Calum Scott,27M,409684,/artist?id=5521,21,"Oct 21, 2021",41,3
94,0,South Africa,Focalistic,1.3M,404523,/artist?id=1003745,94,"Jun 23, 2022",2,1
95,-41,Puerto Rico,Anuel AA,34M,404280,/artist?id=158474,13,"Feb 18, 2021",48,5
96,-7,United Kingdom,George Ezra,18M,403354,/artist?id=4572,73,"Apr 28, 2022",37,3
97,-26,United States,Lorne Balfe,1.7M,393966,/artist?id=206408,45,"Jun 2, 2022",5,4
98,-59,United States,Victor Cibrian,4.6M,390369,/artist?id=1435271,21,"Jun 2, 2022",6,6
99,-39,Argentina,Cazzu,9.1M,388219,/artist?id=572412,60,"Jun 16, 2022",8,4
100,-39,Brazil,MC G15,4.4M,383328,/artist?id=215558,17,"Mar 3, 2022",15,4
101,115,United States,Alec Benjamin,16M,382724,/artist?id=405139,40,"Jan 9, 2020",35,3
102,115,Mexico,Kevin Kaarl,7.4M,380683,/artist?id=1384740,58,"Apr 21, 2022",29,14
103,-8,United Kingdom,Paloma Faith,11M,378664,/artist?id=3421,95,"Jun 16, 2022",22,9
104,-48,United Kingdom,James Arthur,34M,376502,/artist?id=4361,23,"Sep 24, 2020",35,3
105,380,Unknown,DJ 900,2.3M,376063,/artist?id=1146721,105,"Jun 23, 2022",10,4
106,-41,Italy,Mara Sattei,3M,374705,/artist?id=1457001,65,"Jun 16, 2022",18,3
107,22,United States,Lana Del Rey,43M,372766,/artist?id=3986,12,"Oct 22, 2020",50,4
108,0,Unknown,Maddie Zahm,2M,367724,/artist?id=1121005,108,"Jun 23, 2022",8,1
109,9,Unknown,Benzz,3.2M,362832,/artist?id=9069220,36,"May 26, 2022",8,8
110,135,Sweden,Jubël,5.3M,353547,/artist?id=395456,110,"Jun 23, 2022",44,4
111,0,Nigeria,Omah Lay,7M,353297,/artist?id=3578130,7,"Mar 10, 2022",10,1
112,-55,Germany,Harold Faltermeyer,1.7M,352171,/artist?id=210919,31,"Jun 2, 2022",5,5
113,-36,Brazil,Mc Davi,6M,350006,/artist?id=107848,32,"May 13, 2021",18,4
114,39,Belgium,Lost Frequencies,23M,347560,/artist?id=5058,30,"Oct 7, 2021",73,3
115,124,United States,Michael Jackson,36M,347322,/artist?id=178,3,"Nov 4, 2021",58,4
116,0,United Kingdom,Disclosure,14M,346054,/artist?id=4081,1,"Feb 13, 2020",33,1
117,328,Unknown,Tazzy,10M,344374,/artist?id=8006667,117,"Jun 23, 2022",7,5
118,19,Germany,Felix Jaehn,20M,342755,/artist?id=4770,26,"Jul 2, 2020",58,5
119,-37,United States,Talking Heads,8.6M,341456,/artist?id=263,41,"Jun 9, 2022",19,4
120,-44,Italy,sangiovanni,3.2M,336562,/artist?id=3675075,47,"Feb 10, 2022",26,3
121,251,United Kingdom,Queen,46M,336384,/artist?id=72,6,"Jan 2, 2020",59,5
122,0,Spain,Lola Indigo,6.8M,335308,/artist?id=1123831,39,"Sep 10, 2020",21,1
123,0,France,David Guetta,70M,335080,/artist?id=1006,10,"Feb 18, 2021",67,1
124,-26,India,Kanishk Seth,3.6M,334988,/artist?id=1123328,98,"Jun 16, 2022",3,3
125,0,United States,Miguel,32M,328442,/artist?id=3853,30,"Feb 17, 2022",39,1
126,-30,Mexico,Eirian Music,1.4M,328222,/artist?id=695885,41,"Jun 2, 2022",4,4
127,-22,United Kingdom,GRACEY,1M,325025,/artist?id=1417110,83,"Jun 9, 2022",24,3
128,-43,United Kingdom,Dead Or Alive,2.9M,324589,/artist?id=115,42,"Jun 9, 2022",7,4
129,-36,United Kingdom,Anne-Marie,25M,322882,/artist?id=5256,12,"Feb 13, 2020",32,4
130,431,Philippines,Janine Berdin,3.2M,322279,/artist?id=1130550,130,"Jun 23, 2022",2,2
131,0,United States,BRELAND,3.2M,320365,/artist?id=1644133,46,"Aug 12, 2021",27,1
132,17,Unknown,PLAYAMANE,3.9M,320080,/artist?id=8471746,132,"Jun 23, 2022",5,5
133,0,Unknown,Chlöe,5.9M,318577,/artist?id=6080726,12,"Sep 30, 2021",14,1
134,-24,United Kingdom,One Direction,38M,318374,/artist?id=3747,15,"Jul 30, 2020",68,4
135,-60,United Kingdom,Talia Mar,2.3M,318148,/artist?id=562486,64,"Jun 9, 2022",5,5
136,112,Colombia,Camilo,19M,318093,/artist?id=1355995,10,"Jul 22, 2021",49,4
137,-38,Sweden,NEIKED,6.4M,316217,/artist?id=206672,5,"Nov 11, 2021",17,4
138,-38,United Kingdom,The Clash,11M,312880,/artist?id=453,53,"Jun 9, 2022",24,4
139,0,United States,Eminem,67M,312576,/artist?id=236,2,"Jan 30, 2020",53,1
140,-36,India,Sunny Malton,3.9M,309561,/artist?id=793335,87,"Jun 2, 2022",7,4
141,0,United States,42 Dugg,8.8M,306818,/artist?id=924438,9,"Jul 1, 2021",43,1
142,-30,United States,KISS,13M,305601,/artist?id=537,67,"Jun 9, 2022",35,3
143,-113,United States,Lizzo,24M,304085,/artist?id=210712,2,"Aug 26, 2021",27,10
144,316,Colombia,Manuel Turizo,37M,302094,/artist?id=289729,31,"Oct 29, 2020",45,2
145,428,United States,AUGUST 08,1.1M,299687,/artist?id=871503,145,"Jun 23, 2022",3,2
146,-54,Germany,Domiziana,2.7M,297801,/artist?id=7817964,78,"Jun 2, 2022",5,5
147,0,United Kingdom,Louis III,2.2M,296689,/artist?id=785925,147,"Jun 23, 2022",4,3
148,0,Unknown,Bené,891K,294781,/artist?id=1375164,148,"Jun 23, 2022",1,1
149,31,Brazil,Mc Don Juan,11M,294459,/artist?id=298917,32,"Apr 22, 2021",50,4
150,-16,United States,Childish Gambino,22M,293582,/artist?id=3586,1,"Jun 11, 2020",39,4
151,-68,India,KK,14M,293398,/artist?id=254515,2,"Aug 5, 2021",19,8
152,115,United States,Beach Weather,11M,293056,/artist?id=515660,152,"Jun 23, 2022",2,2
153,24,Germany,AVAION,4.1M,292934,/artist?id=1005486,144,"Jun 9, 2022",10,4
154,0,Argentina,LOUTA,1.2M,292682,/artist?id=566837,154,"Jun 23, 2022",3,1
155,143,Brazil,NATTAN,8M,291739,/artist?id=1580072,155,"Jun 23, 2022",33,4
156,209,United Kingdom,David Bowie,17M,289904,/artist?id=238,63,"Jan 13, 2022",41,4
157,45,Mexico,Julión Álvarez y su Norteño Banda,11M,289470,/artist?id=106933,157,"Jun 23, 2022",2,2
158,396,Unknown,TWOPILOTS,3.6M,288223,/artist?id=4198880,158,"Jun 23, 2022",14,7
159,65,Unknown,MoonDeity,5.7M,286873,/artist?id=8292304,159,"Jun 23, 2022",3,3
160,0,Brazil,Dallass,6.4M,286291,/artist?id=882497,160,"Jun 23, 2022",17,1
161,-5,Unknown,Denise Julia,2.4M,283048,/artist?id=1712238,112,"Jun 2, 2022",6,6
162,0,United States,88rising,7.4M,283000,/artist?id=1090815,36,"Sep 9, 2021",26,1
163,68,Germany,The Ironix,501K,280897,/artist?id=367153,163,"Jun 23, 2022",7,4
164,0,United States,Luke Combs,18M,280011,/artist?id=207759,18,"Nov 12, 2020",45,1
165,-20,Pakistan,Ali Zafar,2.6M,279992,/artist?id=269618,98,"Jun 2, 2022",6,6
166,0,United States,Leon Bridges,9.8M,279372,/artist?id=5124,25,"Apr 16, 2020",40,1
167,472,Puerto Rico,Wisin & Yandel,23M,278080,/artist?id=1982,50,"Jan 21, 2021",33,4
168,53,United States,Cigarettes After Sex,17M,276789,/artist?id=4483,168,"Jun 23, 2022",33,3
169,0,United States,iamnotshane,1.2M,276757,/artist?id=258073,169,"Jun 23, 2022",4,1
170,94,Jamaica,Bob Marley & The Wailers,17M,273800,/artist?id=158333,58,"Aug 13, 2020",57,4
171,-48,France,Martin Solveig,5.9M,273796,/artist?id=1382,40,"Feb 27, 2020",16,3
172,-36,United States,Soulja Boy,10M,273619,/artist?id=78116,133,"Apr 22, 2021",38,6
173,0,Italy,Elettra Lamborghini,1.5M,272102,/artist?id=741146,45,"Feb 13, 2020",17,1
174,-28,United Kingdom,Declan McKenna,5.1M,270533,/artist?id=5412,95,"Jun 2, 2022",11,5
175,279,China,Higher Brothers,1.3M,269237,/artist?id=13537,175,"Jun 23, 2022",4,2
176,0,France,Aya Nakamura,8.7M,269134,/artist?id=480386,16,"Aug 20, 2020",32,1
177,1,United States,TOTO,17M,265000,/artist?id=459,110,"Jan 7, 2021",43,4
178,125,United States,rei brown,598K,264101,/artist?id=321258,178,"Jun 23, 2022",4,4
179,0,Mexico,Mr. Pig,1.1M,262398,/artist?id=299282,179,"Jun 23, 2022",3,1
180,-30,United Kingdom,The Police,23M,262136,/artist?id=213,87,"Jun 9, 2022",46,4
181,118,Brazil,Israel & Rodolffo,10M,261783,/artist?id=310220,16,"Mar 25, 2021",30,3
182,-88,United States,Tyler Hubbard,4.8M,260859,/artist?id=1151451,24,"Jan 28, 2021",14,5
183,-74,United States,Kyle Dixon & Michael Stein,758K,259363,/artist?id=436422,58,"Nov 5, 2020",9,4
184,-78,India,Kavita Seth,6.6M,259010,/artist?id=298626,106,"Jun 16, 2022",6,5
185,0,United States,ILOVEMAKONNEN,1.9M,258080,/artist?id=4966,185,"Jun 23, 2022",2,1
186,52,Italy,ANNA,3.1M,257091,/artist?id=3541005,50,"Mar 12, 2020",22,3
187,-115,Puerto Rico,Ozuna,48M,256982,/artist?id=113381,5,"Jun 4, 2020",40,3
188,0,Nigeria,Davido,5.1M,256636,/artist?id=4723,21,"Apr 30, 2020",20,1
189,0,Sweden,BELL,231K,256445,/artist?id=3611747,189,"Jun 23, 2022",1,1
190,-74,Unknown,Kikimoteleba,1.5M,256057,/artist?id=5505338,55,"May 26, 2022",7,6
191,0,Brazil,DJ Biel do Furduncinho,3.3M,255945,/artist?id=1432219,84,"Apr 28, 2022",6,1
192,0,United States,Flo Milli,4.7M,255046,/artist?id=1435071,62,"Jul 30, 2020",35,1
193,3,United States,Mýa,4.3M,254281,/artist?id=207818,193,"Jun 23, 2022",6,3
194,0,United States,Diplo,29M,254159,/artist?id=1964,30,"Mar 10, 2022",47,1
195,-52,Italy,Tananai,4M,252584,/artist?id=1348797,63,"Feb 10, 2022",8,3
196,-138,United Kingdom,Jacob Collier,1.7M,251291,/artist?id=32849,31,"Oct 21, 2021",14,2
197,-35,Brazil,MC JottaPê,2.2M,250645,/artist?id=735110,162,"Jun 16, 2022",16,3
198,-37,United States,Bailey Zimmerman,8.6M,249653,/artist?id=4218486,161,"Jun 16, 2022",8,8
199,226,Brazil,Mari Fernandez,12M,249490,/artist?id=4647984,23,"Jun 24, 2021",21,4
200,10,United States,Surfaces,7.4M,248750,/artist?id=517404,11,"Mar 26, 2020",41,2
201,0,Colombia,Maluma,35M,247299,/artist?id=4679,8,"Nov 12, 2020",51,1
202,-121,Unknown,Gaten Matarazzo,412K,245879,/artist?id=1644114,65,"Jun 9, 2022",4,4
203,-102,Argentina,Nicki Nicole,0,245666,/artist?id=1480546,15,"Mar 18, 2021",45,3
204,-78,India,Kamal Haasan,2.5M,244806,/artist?id=280634,60,"Jun 9, 2022",6,6
205,112,Puerto Rico,Bad Bunny,65M,244327,/artist?id=214945,3,"Mar 12, 2020",56,8
206,235,United Kingdom,Seafret,13M,243303,/artist?id=4945,206,"Jun 23, 2022",7,3
207,108,Sweden,Goson,1.1M,242841,/artist?id=3775115,207,"Jun 23, 2022",5,2
208,-73,United States,Haley Reinhart,5M,242052,/artist?id=3838,135,"Jun 16, 2022",10,4
209,0,United States,Brett Eldredge,2.8M,240950,/artist?id=3771,25,"Dec 10, 2020",25,1
210,205,United States,Priscilla Block,2.3M,240930,/artist?id=739337,203,"Sep 16, 2021",14,2
211,111,United States,Dayglow,6.2M,240564,/artist?id=879287,119,"Jan 21, 2021",42,3
212,-57,Argentina,Emanero,1.2M,239772,/artist?id=142671,132,"Jun 9, 2022",4,4
213,162,United States,Eagles,19M,239325,/artist?id=751,49,"Dec 30, 2021",54,5
214,651,Unknown,frxzen,826K,238491,/artist?id=6874138,175,"Sep 23, 2021",7,2
215,-163,France,Kavinsky,2.6M,238395,/artist?id=2857,52,"Jun 16, 2022",6,2
216,-28,Colombia,KAROL G,56M,237814,/artist?id=206809,4,"Mar 3, 2022",58,2
217,-127,United States,Fleet Foxes,3.9M,237684,/artist?id=3105,7,"Jun 9, 2022",10,3
218,-98,Germany,Hans Zimmer,9.9M,237489,/artist?id=78,53,"May 21, 2020",27,4
219,-75,Italy,Raffa Fl,1.9M,236840,/artist?id=51629,144,"Jun 16, 2022",10,10
220,288,United States,El-P,1.4M,236527,/artist?id=321468,220,"Jun 23, 2022",2,2
221,-9,Argentina,Rei,5.7M,235944,/artist?id=3589710,45,"Jul 15, 2021",21,3
222,-68,Mexico,Grupo Marca Registrada,14M,235575,/artist?id=111759,154,"Jun 16, 2022",13,6
223,-59,Unknown,Bielzin,2.8M,231053,/artist?id=4339880,50,"Jun 17, 2021",20,2
224,295,Canada,The Weeknd,110M,230668,/artist?id=3852,2,"Jan 13, 2022",63,3
225,281,United States,Hotel Ugly,15M,230329,/artist?id=3593404,122,"May 12, 2022",6,2
226,-60,United States,Cyndi Lauper,14M,229554,/artist?id=85,85,"Jan 7, 2021",35,4
227,-85,Korea,B.I,2.1M,229260,/artist?id=37131,142,"Jun 16, 2022",16,6
228,-97,Netherlands,Oliver Heldens,9.7M,228982,/artist?id=4765,67,"Jul 15, 2021",26,7
229,0,Brazil,Kayuá,2.3M,228717,/artist?id=565414,102,"Jan 2, 2020",5,1
230,30,United States,Killer Mike,1.9M,228701,/artist?id=154463,15,"Jun 11, 2020",5,3
231,0,Indonesia,Rich Brian,7.8M,228092,/artist?id=149469,28,"Aug 19, 2021",28,1
232,0,United Kingdom,Headie One,5.1M,227865,/artist?id=715574,18,"Aug 6, 2020",31,1
233,331,Unknown,Dave Stewart,11M,225305,/artist?id=458135,6,"Jun 25, 2020",26,4
234,441,United States,Prince,11M,224885,/artist?id=48,77,"Jan 7, 2021",37,3
235,-77,United States,Harriette,752K,223930,/artist?id=4516980,158,"Jun 16, 2022",13,2
236,-97,United Kingdom,Julian Perretta,2.2M,223622,/artist?id=3688,77,"Jun 2, 2022",17,4
237,-123,Korea,NCT DREAM,5.2M,223188,/artist?id=111452,85,"May 20, 2021",17,3
238,-147,United States,Kid Cudi,23M,222981,/artist?id=3213,1,"Apr 30, 2020",31,2
239,84,Barbados,Rihanna,76M,222729,/artist?id=2316,2,"Apr 2, 2020",63,3
240,0,Spain,Ana Mena,6M,221134,/artist?id=207839,61,"Jun 17, 2021",30,1
241,0,Mexico,Virlan Garcia,6.2M,219698,/artist?id=64429,241,"Jun 23, 2022",6,1
242,12,Germany,Nullzweizwei,692K,219211,/artist?id=1214039,242,"Jun 23, 2022",5,4
243,0,United Kingdom,Mattafix,3.5M,218736,/artist?id=2364,243,"Jun 23, 2022",1,1
244,34,United States,Poor Mans Poison,1.7M,218084,/artist?id=40731,244,"Jun 23, 2022",5,4
245,-104,France,Gesaffelstein,18M,217524,/artist?id=208032,71,"Jan 13, 2022",26,6
246,89,Germany,Capo,2.5M,215903,/artist?id=299347,224,"Jun 4, 2020",17,2
247,-125,Italy,Fedez,2.7M,215786,/artist?id=210063,49,"Mar 11, 2021",25,3
248,0,Brazil,Zé Felipe,11M,215649,/artist?id=207528,56,"Nov 5, 2020",46,1
249,8,United States,Daryl Hall & John Oates,14M,215114,/artist?id=1310,36,"Dec 30, 2021",50,4
250,36,Unknown,MUPP,5.6M,214842,/artist?id=4071156,250,"Jun 23, 2022",3,3
251,0,Germany,Hava,1.3M,213601,/artist?id=1458230,67,"Oct 8, 2020",16,1
252,68,Nigeria,Rema,39M,213336,/artist?id=1426518,38,"Mar 24, 2022",33,6
253,0,United States,Chance the Rapper,11M,213274,/artist?id=4257,4,"Apr 1, 2021",18,1
254,-64,Mexico,MC Davo,4.9M,212932,/artist?id=207931,146,"Jun 9, 2022",27,4
255,0,Unknown,HYBS,1.8M,212859,/artist?id=7515086,255,"Jun 23, 2022",4,1
256,0,New Zealand,BENEE,6.6M,212758,/artist?id=1610439,1,"Mar 26, 2020",36,1
257,163,United States,Blondie,11M,212377,/artist?id=162,185,"Jan 6, 2022",33,4
258,-53,Brazil,Orochi,7.9M,212373,/artist?id=650960,205,"Jun 16, 2022",17,3
259,-29,Australia,Eddie Benjamin,832K,211986,/artist?id=3613965,100,"Apr 8, 2021",13,2
260,0,Italy,Sfera Ebbasta,7.4M,211513,/artist?id=134682,2,"Mar 12, 2020",37,1
261,0,Italy,Rocco Hunt,3.9M,209863,/artist?id=27397,74,"Jun 24, 2021",33,1
262,90,Netherlands,La Fuente,859K,209744,/artist?id=5744,262,"Jun 23, 2022",5,4
263,0,United Kingdom,Two Door Cinema Club,6.6M,209029,/artist?id=3327,179,"May 21, 2020",14,1
264,-126,France,Naeleck,4.6M,208907,/artist?id=144749,113,"Jun 9, 2022",13,3
265,-113,United States,Saucy Santana,1.5M,208045,/artist?id=1702237,101,"Mar 3, 2022",12,2
266,-169,Germany,Emilio,711K,207914,/artist?id=86282,97,"Jun 16, 2022",4,3
267,-164,Indonesia,Fiersa Besari,6.1M,207533,/artist?id=12339,103,"Jun 16, 2022",7,6
268,0,Puerto Rico,Jon Z,6M,205095,/artist?id=214632,158,"Apr 29, 2021",11,1
269,98,Unknown,Nu Aspect,2.3M,205063,/artist?id=493536,259,"Jun 9, 2022",5,4
270,-119,Unknown,Shubh,8.7M,204378,/artist?id=7124674,151,"Jun 16, 2022",15,11
271,0,Argentina,Bizarrap,50M,204161,/artist?id=648982,11,"May 5, 2022",47,1
272,147,United States,GloRilla,6.6M,203846,/artist?id=4023387,198,"May 26, 2022",6,6
273,-100,India,Gippy Grewal,2.5M,203844,/artist?id=449333,173,"Jun 16, 2022",11,4
274,0,Spain,Melody,3.5M,203772,/artist?id=508881,119,"Jan 27, 2022",14,1
275,-78,United States,Sadfriendd,5.9M,203529,/artist?id=3300624,197,"Jun 16, 2022",3,3
276,79,Unknown,sped up songs,3.8M,202966,/artist?id=9002682,276,"Jun 23, 2022",6,2
277,0,Brazil,Filipe Ret,7M,200965,/artist?id=443718,93,"Jul 23, 2020",27,1
278,0,United States,Beyoncé,50M,200235,/artist?id=2838,2,"May 7, 2020",33,1
279,0,Brazil,Ana Castela,13M,199818,/artist?id=4266400,218,"Mar 31, 2022",11,1
280,88,United States,Guns N' Roses,26M,199759,/artist?id=206527,96,"Sep 30, 2021",48,4
281,-4,Unknown,OKAAY,504K,199597,/artist?id=8351639,277,"Jun 16, 2022",3,3
282,-33,Germany,PaulWetz,2.1M,199329,/artist?id=125803,228,"Jun 9, 2022",6,4
283,-108,India,Pritam,28M,198363,/artist?id=127583,47,"May 12, 2022",64,9
284,204,Unknown,Mitraz,3.2M,197909,/artist?id=3403382,175,"May 12, 2022",9,9
285,-104,United States,Christina Aguilera,23M,197484,/artist?id=166,19,"Jan 2, 2020",48,3
286,314,Unknown,Mike Dimes,2.6M,197194,/artist?id=3952590,90,"Mar 17, 2022",15,2
287,192,United States,Billy Joel,21M,196955,/artist?id=42,82,"Apr 21, 2022",55,4
288,123,United Kingdom,Fleetwood Mac,28M,196838,/artist?id=100,2,"Oct 22, 2020",56,4
289,-226,Brazil,Jovem Dionisio,2.2M,196345,/artist?id=1483418,6,"Jun 2, 2022",14,6
290,-11,United States,Bon Jovi,24M,196048,/artist?id=834,110,"Oct 8, 2020",53,4
291,0,United States,Bryson Tiller,17M,195822,/artist?id=5315,9,"Mar 24, 2022",32,1
292,90,India,Prem Hardeep,2.8K,195234,/artist?id=1423078,292,"Jun 23, 2022",2,2
293,-160,United States,Armani White,8M,194997,/artist?id=420432,102,"Jun 9, 2022",5,5
294,0,United States,Ultra Naté,1.7M,194979,/artist?id=107600,294,"Jun 23, 2022",1,1
295,-174,Chile,Julianno Sosa,3M,194878,/artist?id=1424691,35,"May 26, 2022",16,8
296,10,Turkey,Berkay Altunyay,2M,193221,/artist?id=1389225,272,"Jun 2, 2022",4,4
297,-217,France,S-Crew,1.2M,193052,/artist?id=86708,80,"Jun 16, 2022",2,2
298,0,Brazil,Alok,23M,192694,/artist?id=29578,34,"Oct 21, 2021",54,1
299,-59,Italy,Baltimora,2.4M,192601,/artist?id=210591,210,"Jun 9, 2022",4,4
300,-6,Norway,a-ha,15M,191628,/artist?id=214,89,"Feb 25, 2021",30,4
301,-108,Puerto Rico,Juanka,3.2M,191078,/artist?id=217110,111,"Feb 6, 2020",32,2
302,0,Germany,Topic,16M,190853,/artist?id=3508,11,"Jun 4, 2020",58,1
303,453,United States,Jennifer Lopez,22M,190139,/artist?id=177,15,"Oct 1, 2020",51,3
304,191,United States,Creedence Clearwater Revival,25M,190010,/artist?id=403,103,"May 28, 2020",53,4
305,-252,United States,Rae Sremmurd,14M,189662,/artist?id=4949,53,"Jun 16, 2022",27,2
306,0,Pakistan,Ali Sethi,5M,187548,/artist?id=296934,38,"May 12, 2022",16,1
307,591,Germany,Liaze,1.8M,187448,/artist?id=1785707,307,"Jun 23, 2022",2,2
308,0,Unknown,Sofía Martín,231K,187280,/artist?id=6065469,308,"Jun 23, 2022",1,1
309,0,United States,Drakeo the Ruler,1.4M,187207,/artist?id=398352,25,"Mar 4, 2021",6,1
310,203,United States,Sarah Rebecca,1.7M,186553,/artist?id=508286,209,"Sep 3, 2020",9,3
311,-141,Italy,Takagi & Ketra,3.8M,186487,/artist?id=715360,95,"Apr 14, 2022",22,2
312,83,United States,Cafuné,5.5M,186466,/artist?id=209060,45,"May 5, 2022",12,12
313,0,Unknown,Felty,549K,186054,/artist?id=3802673,193,"Aug 19, 2021",6,1
314,-13,Germany,yuma.,1.6M,185949,/artist?id=3385665,268,"Jun 9, 2022",11,4
315,304,Unknown,Tom Santa,2.7M,185804,/artist?id=8450810,250,"Apr 28, 2022",10,3
316,-132,Austria,Falco,2.6M,185350,/artist?id=49860,128,"Jun 9, 2022",7,4
317,0,United Kingdom,The Beatles,29M,184906,/artist?id=102,68,"Apr 16, 2020",52,1
318,71,United Kingdom,Wham!,9.2M,184617,/artist?id=482,1,"Dec 17, 2020",37,4
319,0,Netherlands,LA$$A,1.2M,184521,/artist?id=1369364,247,"Jun 11, 2020",7,1
320,50,India,Arijit Singh,30M,184082,/artist?id=303406,86,"May 12, 2022",72,8
321,-248,Argentina,Duki,23M,183595,/artist?id=550716,26,"Mar 5, 2020",52,5
322,0,Jamaica,Shaggy,16M,182554,/artist?id=62,8,"Jul 9, 2020",53,1
323,535,Sweden,NEIMY,3.4M,181648,/artist?id=747584,71,"Jun 25, 2020",20,3
324,-133,United States,Beach Bunny,6.5M,180910,/artist?id=189590,30,"Apr 8, 2021",22,3
325,-100,United Kingdom,Jax Jones,16M,180459,/artist?id=4810,18,"Aug 19, 2021",56,8
326,505,United States,Monaleo,1.6M,180338,/artist?id=4262963,326,"Jun 23, 2022",14,6
327,-200,Unknown,King Savagge,3.5M,180325,/artist?id=1735433,30,"Jun 2, 2022",13,8
328,398,Unknown,Okan & Volkan,943K,179667,/artist?id=4187928,328,"Jun 23, 2022",2,2
329,-60,United States,Foreigner,11M,179609,/artist?id=321,168,"Feb 20, 2020",28,4
330,-123,Italy,Annalisa,2.5M,178993,/artist?id=20983,84,"Mar 11, 2021",14,2
331,-26,Unknown,Rsko,1.6M,178888,/artist?id=3732383,276,"Jun 2, 2022",4,4
332,0,Spain,Abraham Mateo,5M,178744,/artist?id=169478,82,"Feb 20, 2020",15,1
333,608,Brazil,Dj Chris No Beat,4.1M,177827,/artist?id=5310691,183,"Mar 31, 2022",9,2
334,0,United States,demxntia,2.5M,177110,/artist?id=836287,334,"Jun 23, 2022",3,1
335,-120,Italy,Boomdabash,1.8M,175838,/artist?id=210068,113,"Jul 2, 2020",15,2
336,320,Indonesia,NIKI,9.7M,175570,/artist?id=711786,43,"Jan 27, 2022",38,2
337,0,United States,Babyface,2M,175294,/artist?id=778,79,"Dec 24, 2020",20,1
338,343,Netherlands,De Hofnar,2.4M,174723,/artist?id=90234,338,"Jun 23, 2022",14,4
339,221,Turkey,Güneş,4.1M,174651,/artist?id=3583850,339,"Jun 23, 2022",11,2
340,-169,Australia,Vance Joy,20M,174574,/artist?id=4519,2,"Feb 4, 2021",46,3
341,273,United States,Ari Abdul,4.6M,174343,/artist?id=8515075,319,"Apr 7, 2022",13,2
342,0,Unknown,Dj Win,3.2M,174103,/artist?id=4352360,38,"May 5, 2022",10,1
343,269,Puerto Rico,Plan B,15M,172901,/artist?id=177018,343,"Jun 23, 2022",31,2
344,-146,France,Ghost Killer Track,1.1M,172449,/artist?id=817649,198,"Jun 16, 2022",5,2
345,119,Algeria,Soolking,5.9M,172218,/artist?id=216930,58,"Mar 26, 2020",34,10
346,150,United Kingdom,Soft Cell,6.6M,171964,/artist?id=207411,163,"Nov 4, 2021",12,3
347,40,Germany,Julian Sommer,1.7M,171914,/artist?id=3599375,311,"Apr 28, 2022",9,2
348,250,Mexico,Yuridia,11M,171910,/artist?id=2385,348,"Jun 23, 2022",7,2
349,-66,India,King,15M,171287,/artist?id=3485243,232,"May 26, 2022",12,6
350,338,United States,Alfredo Olivas,9.3M,171109,/artist?id=5102,350,"Jun 23, 2022",9,2
351,0,Canada,Katherine Li,1.4M,170950,/artist?id=7436640,351,"Jun 23, 2022",3,1
352,-212,Unknown,O Tubarão,1.2M,170691,/artist?id=8182223,47,"Jun 2, 2022",9,9
353,-144,United States,Mr.Kitty,7.2M,170637,/artist?id=58221,209,"Jun 16, 2022",16,11
354,-91,Unknown,EL NOBA,3.5M,169985,/artist?id=6281348,263,"Jun 16, 2022",10,3
355,368,United Kingdom,Eurythmics,11M,169868,/artist?id=44,44,"Nov 4, 2021",24,4
356,-150,United States,The Beatnuts,1.6M,169621,/artist?id=214422,75,"Jun 2, 2022",9,9
357,23,United States,"Earth, Wind & Fire",16M,169280,/artist?id=1558,30,"Jan 7, 2021",46,3
358,291,United Kingdom,Dire Straits,17M,168866,/artist?id=86,93,"Jan 9, 2020",38,4
359,34,Australia,AC/DC,27M,168630,/artist?id=314,24,"Oct 15, 2020",55,4
360,0,Germany,GAMPER & DADONI,6.5M,168614,/artist?id=4916,132,"Apr 9, 2020",21,1
361,299,United Kingdom,Led Zeppelin,18M,168581,/artist?id=137,302,"Sep 10, 2020",36,3
362,61,United States,Hitkidd,2.1M,167795,/artist?id=1787087,249,"May 26, 2022",6,6
363,130,United States,Starship,7.1M,167748,/artist?id=474,363,"Jun 23, 2022",9,3
364,-240,United States,Europa,1.4M,167108,/artist?id=1429479,124,"Jun 16, 2022",4,3
365,-237,United States,Panic! At The Disco,23M,166791,/artist?id=2260,28,"May 5, 2022",30,11
366,-144,Argentina,Maria Becerra,19M,166757,/artist?id=916560,2,"Jun 24, 2021",43,3
367,292,Brazil,Falamansa,1.5M,166287,/artist?id=481210,367,"Jun 23, 2022",6,2
368,-176,United Kingdom,Arctic Monkeys,42M,166002,/artist?id=2289,94,"Jan 28, 2021",56,3
369,246,United Kingdom,Annie Lennox,14M,165986,/artist?id=41,4,"Jun 25, 2020",31,3
370,-81,United States,Kelly Clarkson,16M,165979,/artist?id=1595,10,"Dec 30, 2021",42,2
371,-151,United States,Papithbk,2.8M,165792,/artist?id=1354411,220,"Jun 16, 2022",6,3
372,0,United States,Logic,13M,165723,/artist?id=4389,9,"Jul 30, 2020",25,1
373,-80,Unknown,House Gospel Choir,2.8M,165638,/artist?id=747591,92,"Aug 26, 2021",11,7
374,0,Unknown,Al-Doms,38K,164356,/artist?id=1399910,374,"Jun 23, 2022",1,1
375,0,Unknown,Shae Gill,4.8M,163920,/artist?id=8435107,48,"May 12, 2022",16,1
376,-86,Mexico,La Adictiva,10M,163640,/artist?id=207633,237,"May 12, 2022",21,8
377,-77,United States,$uicideboy$,10M,163546,/artist?id=100586,97,"Oct 7, 2021",32,2
378,0,Brazil,Thaeme & Thiago,690K,162462,/artist?id=207530,298,"Oct 1, 2020",6,1
379,0,Unknown,WizTheMc,886K,161382,/artist?id=614367,207,"Aug 20, 2020",15,1
380,0,Italy,Ultimo,2.5M,161230,/artist?id=662621,40,"May 12, 2022",16,1
381,0,South Africa,Kabza De Small,1.2M,161024,/artist?id=1219743,381,"Jun 23, 2022",3,1
382,0,Brazil,MC Maneirinho,2.9M,160983,/artist?id=265471,297,"Mar 24, 2022",6,1
383,-182,Romania,Edward Maya,5.9M,160879,/artist?id=3556,56,"Jul 29, 2021",18,5
384,-122,Unknown,730 Huncho,497K,160719,/artist?id=4003568,262,"Jun 16, 2022",3,3
385,-90,Italy,Pinguini Tattici Nucleari,3.5M,160643,/artist?id=572470,41,"Feb 13, 2020",14,4
386,72,Unknown,Funk Wav,7.6M,160426,/artist?id=3764669,10,"Jul 23, 2020",25,11
387,0,Canada,New West,14M,160347,/artist?id=1475300,387,"Jun 23, 2022",5,1
388,-202,United States,The Cramps,2.7M,160186,/artist?id=211763,114,"Jun 9, 2022",6,4
389,146,United Kingdom,Rex Orange County,16M,159888,/artist?id=213819,27,"Mar 17, 2022",32,2
390,0,South Africa,MDU aka TRP,116K,159572,/artist?id=1416242,390,"Jun 23, 2022",1,1
391,0,United Kingdom,TSHA,2M,159262,/artist?id=1145552,52,"Mar 10, 2022",15,1
392,0,Mexico,Vicente Fernández,9.1M,158906,/artist?id=208714,41,"Dec 16, 2021",27,1
393,55,Argentina,Callejero Fino,8.1M,158787,/artist?id=3531526,251,"Nov 25, 2021",9,2
394,0,Colombia,Llane,1.2M,158491,/artist?id=3314155,200,"Sep 3, 2020",24,1
395,0,United Kingdom,Electric Light Orchestra,11M,158098,/artist?id=433,244,"Jul 9, 2020",44,1
396,-159,United States,Dímelo Flow,5.4M,157555,/artist?id=600735,20,"Jan 9, 2020",33,2
397,-89,Brazil,Leo Santana,9.7M,157386,/artist?id=436314,85,"Feb 27, 2020",25,5
398,0,Brazil,Avine Vinny,1.8M,157097,/artist?id=309307,19,"Oct 14, 2021",20,1
399,-181,Philippines,Ace Banzuelo,1.7M,157039,/artist?id=1351937,92,"Jun 2, 2022",8,5
400,0,Brazil,João Bosco e Gabriel,2.3M,156963,/artist?id=3343629,89,"Oct 29, 2020",30,1
401,35,United States,Lynyrd Skynyrd,14M,156602,/artist?id=215,74,"Jul 8, 2021",44,5
402,398,Germany,Milky Chance,12M,156298,/artist?id=4566,51,"May 7, 2020",33,3
403,0,Taiwan,吳青峰,580K,156230,/artist?id=1039289,403,"Jun 23, 2022",1,1
404,0,United States,Lenny Kravitz,10M,155802,/artist?id=125,317,"Jun 4, 2020",17,1
405,0,Australia,Olivia Newton-John,9.3M,155343,/artist?id=212551,51,"Jan 9, 2020",22,1
406,0,Germany,Luciano,7.9M,154639,/artist?id=209090,90,"May 12, 2022",35,1
407,0,Korea,RAVI,115K,154406,/artist?id=360652,407,"Jun 23, 2022",2,1
408,-75,United States,Dear Silas,921K,154254,/artist?id=1355721,303,"Jun 9, 2022",4,4
409,-51,Sweden,Europe,6.8M,153624,/artist?id=186,274,"Jan 7, 2021",10,3
410,-184,United States,The Surfaris,477K,153498,/artist?id=81186,211,"Jun 9, 2022",4,4
411,-107,Unknown,Kordhell,14M,153351,/artist?id=4341739,214,"Jun 2, 2022",6,2
412,-64,Brazil,João Gomes,7.3M,152981,/artist?id=5693620,21,"Jul 15, 2021",23,6
413,0,United States,SoFaygo,3.5M,152928,/artist?id=1613368,41,"Aug 26, 2021",26,1
414,83,Unknown,Sofiloud,1M,152725,/artist?id=3767072,414,"Jun 23, 2022",2,2
415,0,Unknown,Abdul Cisse,192K,152684,/artist?id=8272708,415,"Jun 23, 2022",1,1
416,126,United States,Aerosmith,23M,152499,/artist?id=158,97,"Feb 20, 2020",44,4
417,-96,Portugal,Lucenzo,3.5M,151436,/artist?id=3793,216,"Oct 15, 2020",18,4
418,358,Brazil,Xand Avião,7.9M,151434,/artist?id=607025,40,"Oct 29, 2020",34,4
419,222,United Kingdom,Nathan Evans,5.6M,151289,/artist?id=4199988,5,"Feb 25, 2021",19,5
420,0,Italy,LUM!X,9M,151005,/artist?id=787669,77,"Feb 20, 2020",53,1
421,-17,India,Zahrah S Khan,4.6M,150924,/artist?id=3531080,85,"Aug 26, 2021",12,3
422,364,Unknown,The Stickmen Project,2.6M,150666,/artist?id=3424124,140,"Nov 25, 2021",16,3
423,0,Canada,Smiley,1.5M,150581,/artist?id=912582,5,"Aug 5, 2021",5,1
424,0,United States,Offset,15M,149986,/artist?id=308891,16,"Apr 8, 2021",17,1
425,-356,Australia,Amy Shark,1.9M,149959,/artist?id=144603,69,"Jun 16, 2022",14,2
426,-29,Unknown,sped up + reverb tazzy,3.7M,149864,/artist?id=9002681,397,"Jun 16, 2022",6,6
427,54,Brazil,Luiz Gonzaga,807K,149651,/artist?id=167314,171,"Jul 1, 2021",7,2
428,-173,United Kingdom,Depeche Mode,15M,148508,/artist?id=106,81,"Jun 2, 2022",16,4
429,3,Brazil,Murilo Huff,5.9M,148114,/artist?id=1103173,182,"Jun 18, 2020",24,4
430,-179,Puerto Rico,Jay Wheeler,15M,148056,/artist?id=1405996,15,"Jul 16, 2020",58,2
431,-232,France,Alonzo,2.5M,148029,/artist?id=3011,106,"Jun 2, 2022",20,7
432,17,Brazil,Gaab,5.7M,147901,/artist?id=175932,24,"Mar 10, 2022",10,4
433,0,Spain,MANTRA,234K,147840,/artist?id=3514714,433,"Jun 23, 2022",1,1
434,0,Brazil,Luísa Sonza,9M,147568,/artist?id=647232,35,"Jul 29, 2021",47,1
435,-21,Brazil,Thiago Brava,1.7M,147398,/artist?id=4411,414,"Jun 16, 2022",23,3
436,-268,United States,The Neighbourhood,32M,147006,/artist?id=4298,10,"Jan 14, 2021",62,2
437,0,Unknown,Masove,4.4M,146947,/artist?id=4490853,219,"Mar 17, 2022",18,1
438,-244,United States,Alexa Cappelli,762K,146866,/artist?id=1589583,84,"Jun 9, 2022",4,4
439,-48,Japan,Ado,4.6M,146835,/artist?id=3918457,204,"Feb 4, 2021",8,2
440,0,Germany,KAMRAD,3M,146544,/artist?id=492130,440,"Jun 23, 2022",7,1
441,0,Italy,Gabry Ponte,15M,146098,/artist?id=217431,62,"Jul 29, 2021",51,1
442,0,Mexico,Belinda,8M,146012,/artist?id=206513,56,"Jun 10, 2021",34,1
443,338,Indonesia,Pamungkas,6.3M,145703,/artist?id=1036129,33,"Mar 25, 2021",19,4
444,-215,United States,Cheap Trick,4.3M,145534,/artist?id=495,180,"Jun 2, 2022",13,4
445,443,Unknown,Brae,0,145165,/artist?id=4481822,445,"Jun 23, 2022",5,5
446,438,United States,Lil Mosey,8.3M,144068,/artist?id=855069,6,"Feb 20, 2020",27,4
447,0,United Kingdom,Brendan Mills,3.6M,143953,/artist?id=1355099,222,"Mar 31, 2022",26,1
448,0,Spain,Alvaro Soler,6M,143872,/artist?id=5247,117,"Apr 16, 2020",35,1
449,0,United States,Disco Lines,4.2M,143677,/artist?id=1525077,282,"Oct 22, 2020",10,1
450,0,Colombia,J Balvin,51M,143570,/artist?id=3883,4,"Nov 12, 2020",45,1
451,0,United States,Whitney Houston,23M,143483,/artist?id=247,46,"Jan 6, 2022",46,1
452,403,Unknown,Los Nuevos Escoltas,2.1M,143067,/artist?id=3606952,452,"Jun 23, 2022",3,2
453,133,United Kingdom,Chineke! Orchestra,365K,143005,/artist?id=668109,227,"Apr 7, 2022",5,2
454,219,Singapore,dhruv,8.8M,142888,/artist?id=1584047,44,"Aug 19, 2021",33,4
455,28,Netherlands,Kav Verhouzer,1.8M,142558,/artist?id=5104,455,"Jun 23, 2022",5,4
456,0,United Kingdom,Sigma,2.8M,142514,/artist?id=2993,34,"Jan 16, 2020",16,1
457,-145,Mexico,RBD,6M,142514,/artist?id=455431,6,"Sep 10, 2020",20,2
458,-202,Unknown,Dxrk ダーク,7.2M,142090,/artist?id=6405704,43,"May 5, 2022",11,11
459,-201,Colombia,Beéle,8.2M,141800,/artist?id=1660888,39,"Apr 30, 2020",44,4
460,0,Unknown,FRIZ,453K,141767,/artist?id=8245092,456,"Jan 13, 2022",3,1
461,0,United States,Raphael Saadiq,895K,141138,/artist?id=214488,461,"Jun 23, 2022",1,1
462,222,United States,Djo,2.2M,140969,/artist?id=1689225,462,"Jun 23, 2022",4,3
463,0,Brazil,Major RD,2.3M,140906,/artist?id=1352925,463,"Jun 23, 2022",4,1
464,0,Mexico,Calibre 50,13M,140537,/artist?id=206350,102,"Sep 30, 2021",35,1
465,178,Brazil,Mastruz Com Leite,517K,140207,/artist?id=484136,300,"Jul 1, 2021",5,2
466,0,Mexico,Codiciado,6.5M,139864,/artist?id=8432256,259,"Apr 14, 2022",4,1
467,0,United States,Ishowsped,27,139740,/artist?id=8385187,127,"Feb 17, 2022",7,1
468,-66,Ireland,Inhaler,1.4M,139663,/artist?id=1006213,197,"Jan 30, 2020",9,2
469,242,United States,The Mamas & The Papas,9M,139515,/artist?id=107145,435,"Jun 9, 2022",19,4
470,0,United States,Jimi Hendrix,9.2M,139284,/artist?id=66,226,"Sep 24, 2020",18,1
471,69,United States,Santana,11M,139005,/artist?id=2028,53,"Jul 22, 2021",22,2
472,0,Australia,Seaforth,1.2M,138915,/artist?id=1357302,84,"Apr 16, 2020",21,1
473,0,United States,The Doobie Brothers,7.7M,138864,/artist?id=673,174,"May 28, 2020",32,1
474,-1,Argentina,Bhavi,2M,138666,/artist?id=871611,187,"Jan 16, 2020",12,4
475,-115,Unknown,Reneé Rapp,3.4M,138324,/artist?id=9364773,360,"Jun 16, 2022",2,2
476,27,India,Vishal Dadlani,16M,137956,/artist?id=211729,146,"Mar 24, 2022",28,7
477,0,United Kingdom,Majestic,6.1M,137849,/artist?id=173276,13,"Apr 29, 2021",27,1
478,0,Germany,YouNotUs,4.7M,137835,/artist?id=211629,279,"Aug 6, 2020",30,1
479,0,Brazil,Enzo Rabelo,583K,137421,/artist?id=1091276,479,"Jun 23, 2022",10,1
480,0,Spain,Omar Montes,6.1M,137328,/artist?id=256665,97,"Feb 24, 2022",26,1
481,0,Japan,ZOT on the WAVE,302K,137291,/artist?id=921141,481,"Jun 23, 2022",1,1
482,0,United States,Lionel Richie,11M,137200,/artist?id=736,169,"Feb 18, 2021",23,1
483,0,United States,Russell Dickerson,5.3M,137109,/artist?id=4294,49,"Feb 20, 2020",25,1
484,-71,United States,Irene Cara,6M,137037,/artist?id=892,235,"Aug 26, 2021",16,3
485,-253,Norway,The Walkers,474K,136588,/artist?id=9364838,232,"Jun 16, 2022",2,2
486,-354,Canada,Charlie Houston,658K,136549,/artist?id=4184299,132,"Jun 16, 2022",3,2
487,256,United States,Meg Myers,724K,136364,/artist?id=38514,287,"Jul 29, 2021",4,2
488,0,Canada,Amés,633K,136247,/artist?id=1381709,488,"Jun 23, 2022",2,1
489,-159,United States,Mau y Ricky,12M,136084,/artist?id=190507,148,"Nov 11, 2021",35,3
490,0,United Kingdom,Supertramp,8.6M,135932,/artist?id=206665,287,"Apr 8, 2021",22,1
491,0,India,Diesby,240K,135822,/artist?id=1383919,491,"Jun 23, 2022",1,1
492,-167,Argentina,Emilia,10M,135811,/artist?id=1417101,44,"Jul 29, 2021",30,2
493,0,Unknown,Seo In Guk,235K,135763,/artist?id=217768,493,"Jun 23, 2022",1,1
494,-291,United States,Superfruit,1.4M,135338,/artist?id=525795,109,"Jun 2, 2022",13,6
495,0,United States,mehro,3.2M,135141,/artist?id=3570741,411,"Nov 25, 2021",14,1
496,126,United Kingdom,Pet Shop Boys,6.3M,135119,/artist?id=195,153,"Jan 9, 2020",9,3
497,0,United States,Katy Perry,53M,134828,/artist?id=2482,5,"May 21, 2020",63,1
498,0,United States,Frank Ocean,24M,134699,/artist?id=3849,32,"Jan 27, 2022",39,1
499,288,Australia,Men At Work,7.1M,134645,/artist?id=476,101,"Jan 9, 2020",11,2
500,-370,United States,Machine Gun Kelly,14M,134528,/artist?id=3991,13,"Aug 20, 2020",50,4
501,-152,Brazil,Gustavo Moura & Rafael,1.8M,134455,/artist?id=151904,349,"Jun 16, 2022",7,3
502,0,United Kingdom,Katrina & The Waves,5.7M,134397,/artist?id=161507,292,"Jan 7, 2021",22,1
503,-334,Korea,SEVENTEEN,5.9M,134374,/artist?id=4787,118,"Jul 2, 2020",26,4
504,415,United Kingdom,Simple Minds,8.1M,134282,/artist?id=416,362,"Jun 9, 2022",19,3
505,-262,United States,Dixie,759K,134262,/artist?id=3747209,20,"Jul 9, 2020",37,2
506,-20,United States,4 Non Blondes,6.8M,134117,/artist?id=450,180,"Feb 25, 2021",10,2
507,-60,United States,The Cars,6.1M,133865,/artist?id=319,374,"Jan 9, 2020",19,4
508,0,Sweden,Icona Pop,8.7M,133737,/artist?id=3778,61,"Jul 15, 2021",35,1
509,430,United Kingdom,Tom Odell,27M,133636,/artist?id=4348,21,"Apr 7, 2022",38,2
510,0,Argentina,Homer El Mero Mero,1.7M,133253,/artist?id=1015438,380,"Jun 25, 2020",8,1
511,178,India,Prem Dhillon,2.7M,133076,/artist?id=1748551,104,"Apr 2, 2020",5,3
512,0,Unknown,Nia Pearl,59K,133066,/artist?id=3749130,512,"Jun 23, 2022",1,1
513,-78,United States,Van Halen,12M,132960,/artist?id=196,15,"Oct 15, 2020",36,4
514,216,Italy,Capo Plaza,4.3M,132206,/artist?id=417031,168,"Jul 15, 2021",20,3
515,142,Turkey,KÖFN,3.3M,132074,/artist?id=1729911,373,"Apr 14, 2022",9,3
516,0,United States,Yot Club,7.1M,131877,/artist?id=1389317,115,"Apr 1, 2021",26,1
517,-54,United States,Mc IG,7M,131869,/artist?id=183781,463,"Jun 16, 2022",12,2
518,10,United States,Lil Yawh,1.2M,131542,/artist?id=3432390,518,"Jun 23, 2022",2,2
519,282,Spain,Bad Gyal,6.7M,130848,/artist?id=214045,58,"Jul 8, 2021",30,3
520,0,United Kingdom,Roxy Music,3.2M,130838,/artist?id=207412,377,"Apr 28, 2022",5,1
521,-229,United Kingdom,The Smiths,11M,130785,/artist?id=289,292,"Jun 16, 2022",11,3
522,-194,France,The Blaze,3.4M,130287,/artist?id=82868,74,"Apr 2, 2020",12,2
523,0,United Kingdom,Kovic,242K,130062,/artist?id=521539,523,"Jun 23, 2022",1,1
524,45,Colombia,Marco Acevedo,330K,129920,/artist?id=1432359,524,"Jun 23, 2022",4,2
525,0,Malaysia,Wings,5.3M,129905,/artist?id=334626,272,"May 14, 2020",12,1
526,0,Mexico,Sofía Reyes,7.9M,129719,/artist?id=50113,37,"Feb 24, 2022",34,1
527,192,United Kingdom,Dexys Midnight Runners,4.7M,129674,/artist?id=633,281,"Jun 9, 2022",20,4
528,0,Mexico,El Fantasma,8.5M,129577,/artist?id=55626,362,"Mar 19, 2020",23,1
529,0,Romania,Alexandra Stan,4.7M,129365,/artist?id=17916,342,"Jun 4, 2020",10,1
530,-303,United Kingdom,Placebo,3.9M,128992,/artist?id=413,190,"Jun 9, 2022",11,4
531,0,Brazil,Love Funk,4.8M,128972,/artist?id=1712887,143,"Mar 26, 2020",4,1
532,0,Unknown,Belters Only,1.7M,128937,/artist?id=6330041,175,"Mar 17, 2022",13,1
533,-43,India,Mithoon,11M,128722,/artist?id=15512,143,"Jun 9, 2022",31,7
534,-292,Korea,JO YURI,863K,128677,/artist?id=3959967,232,"Nov 11, 2021",6,2
535,21,Unknown,ÁSDÍS,2.2M,128535,/artist?id=4003348,535,"Jun 23, 2022",4,2
536,0,United States,AJR,10M,128478,/artist?id=3724,62,"Jan 7, 2021",34,1
537,127,Turkey,Ben Fero,1.1M,128248,/artist?id=1016721,204,"Oct 1, 2020",8,2
538,0,Brazil,Fred & Victor,365K,128177,/artist?id=1149821,538,"Jun 23, 2022",1,1
539,0,Brazil,Alceu Valença,2.8M,127854,/artist?id=208612,398,"Feb 27, 2020",11,1
540,38,Cuba,Pitbull,33M,127837,/artist?id=1896,24,"Mar 31, 2022",66,2
541,-322,United States,Arizona Zervas,6.3M,127717,/artist?id=64150,10,"Jan 9, 2020",11,2
542,-197,Brazil,Unha Pintada,769K,127691,/artist?id=293028,345,"Jun 16, 2022",3,3
543,0,United States,Endo,974K,127601,/artist?id=306667,543,"Jun 23, 2022",1,1
544,-22,Albania,Noizy,1.6M,127270,/artist?id=160029,56,"Jul 2, 2020",8,3
545,0,United Kingdom,220 KID,4.5M,127140,/artist?id=1364053,7,"Feb 25, 2021",37,1
546,0,United States,Kansas,8.6M,126565,/artist?id=67,404,"Jul 8, 2021",15,1
547,0,United Kingdom,JAY1,2.5M,126259,/artist?id=790851,58,"Jul 22, 2021",8,1
548,0,United Kingdom,Foals,3.8M,126242,/artist?id=2715,127,"Nov 11, 2021",12,1
549,-296,United States,Starpoint,145K,126202,/artist?id=211823,242,"Jun 9, 2022",4,4
550,-425,United States,SZA,67M,126116,/artist?id=4515,3,"May 6, 2021",39,2
551,0,United States,Don Krez,305K,125776,/artist?id=865265,551,"Jun 23, 2022",1,1
552,-393,France,Tchami,2.6M,125764,/artist?id=89828,66,"Oct 15, 2020",18,2
553,0,United States,Simon & Garfunkel,11M,125695,/artist?id=4342,209,"Jan 16, 2020",29,1
554,158,Nigeria,Ayra Starr,12M,125685,/artist?id=4200054,554,"Jun 23, 2022",3,2
555,-370,Colombia,Bosq,671K,125683,/artist?id=187523,168,"Jun 9, 2022",3,3
556,-29,United Kingdom,Muse,13M,125488,/artist?id=471,36,"Jan 20, 2022",27,3
557,-291,Unknown,Hiko,7.5M,125458,/artist?id=3618255,123,"Jun 2, 2022",15,15
558,208,France,Tiakola,4.5M,125413,/artist?id=1461438,97,"Mar 4, 2021",15,4
559,-186,Mexico,Christian Chávez,5.9M,125390,/artist?id=42900,4,"Sep 10, 2020",19,2
560,0,Unknown,LUNAX,3.1M,125244,/artist?id=3590075,438,"Jul 22, 2021",9,1
561,-143,Unknown,Banda Elemental de Mazatlán Sinaloa,787K,125228,/artist?id=3802426,418,"Jun 16, 2022",4,4
562,-120,Unknown,Onionn,839K,125194,/artist?id=1024089,442,"Jun 16, 2022",2,2
563,-529,United States,Elvis Presley,18M,125192,/artist?id=333,29,"Dec 30, 2021",50,5
564,0,India,Sreejith Edavana,2.4M,124711,/artist?id=285476,564,"Jun 23, 2022",1,1
565,416,Brazil,Öwnboss,7.1M,124165,/artist?id=651922,71,"Apr 21, 2022",25,4
566,-353,Brazil,Sevek,6.2M,124104,/artist?id=745255,49,"Apr 14, 2022",24,2
567,0,Brazil,Guilherme & Benuto,9.8M,123879,/artist?id=1423874,101,"Apr 28, 2022",33,1
568,216,Spain,Fabbio,643K,123872,/artist?id=3577924,109,"Aug 5, 2021",10,2
569,0,Denmark,iamalex,833K,123835,/artist?id=653182,569,"Jun 23, 2022",1,1
570,0,United States,BlocBoy JB,3.2M,123815,/artist?id=773776,118,"Jan 2, 2020",8,1
571,341,Netherlands,Marc Benjamin,3.2M,123388,/artist?id=11272,275,"Feb 4, 2021",21,8
572,0,Venezuela,Lasso,8.8M,123099,/artist?id=290803,192,"Jan 30, 2020",9,1
573,414,Brazil,Tierry,3.3M,123076,/artist?id=298805,58,"Oct 29, 2020",34,2
574,0,China,Jackson Wang,0,123030,/artist?id=731932,82,"Sep 10, 2020",15,1
575,-393,United States,Yeah Yeah Yeahs,6.3M,122650,/artist?id=1250,58,"Nov 4, 2021",18,3
576,0,Argentina,FABRO,315K,122339,/artist?id=1635683,576,"Jun 23, 2022",1,1
577,-266,Italy,Salmo,3.5M,122108,/artist?id=210171,116,"Oct 7, 2021",16,2
578,0,United States,MC Hariel,7M,122102,/artist?id=58317,85,"Mar 10, 2022",24,1
579,-110,India,Shooter Kahlon,906K,122040,/artist?id=3649864,249,"Sep 17, 2020",7,4
580,-68,Puerto Rico,Young Miko,14M,121913,/artist?id=6443396,512,"Jun 16, 2022",2,2
581,-346,United States,Red Hot Chili Peppers,29M,121674,/artist?id=802,24,"Feb 10, 2022",51,3
582,-24,United States,Jim Croce,5.5M,121513,/artist?id=738,433,"Jan 23, 2020",7,4
583,332,Australia,INXS,9.2M,121448,/artist?id=332,182,"Feb 3, 2022",23,3
584,-253,Unknown,anamē,1.1M,121000,/artist?id=9031453,331,"Jun 16, 2022",6,3
585,-344,India,Vishal-Shekhar,20M,120821,/artist?id=211724,85,"Jun 9, 2022",46,8
586,-273,United States,Lainey Wilson,5.9M,120381,/artist?id=924861,213,"May 20, 2021",16,2
587,172,India,Rochak Kohli,11M,120196,/artist?id=789056,3,"Oct 15, 2020",35,3
588,-222,Indonesia,Marion Jola,1.2M,120169,/artist?id=1090931,366,"Jun 16, 2022",4,3
589,0,Lao People's Democratic Republic,IMKK,382K,120110,/artist?id=299493,589,"Jun 23, 2022",3,1
590,-157,United States,WILLIS,2.2M,120079,/artist?id=800291,433,"Jun 16, 2022",5,4
591,0,Nigeria,Burna Boy,16M,120002,/artist?id=212614,4,"Aug 20, 2020",32,1
592,-153,France,Soso Maness,1.9M,119518,/artist?id=57317,42,"Jun 17, 2021",28,2
593,6,Indonesia,Lyodra,6.1M,119180,/artist?id=3534217,132,"Aug 5, 2021",20,2
594,0,United States,Jdillon,111K,118905,/artist?id=3327226,594,"Jun 23, 2022",2,1
595,0,Unknown,Vanessa Campagna,855K,118879,/artist?id=388509,595,"Jun 23, 2022",4,1
596,0,Unknown,sombr,820K,118825,/artist?id=7418936,596,"Jun 23, 2022",1,1
597,0,United States,Twenty One Pilots,22M,118797,/artist?id=4018,4,"Apr 16, 2020",35,1
598,0,Unknown,LIT UP,533K,118727,/artist?id=5232888,91,"May 19, 2022",6,1
599,-214,Poland,Rnbstylerz,2.6M,118696,/artist?id=1525345,385,"Jun 16, 2022",4,4
600,0,United States,Loote,2.4M,118514,/artist?id=433681,221,"Mar 5, 2020",18,1
601,-224,United States,Huey Lewis & The News,5.3M,118468,/artist?id=2117,175,"Jul 16, 2020",16,4
602,56,Poland,Ka-Meal,596K,118283,/artist?id=778365,602,"Jun 23, 2022",2,2
603,-191,Unknown,che,670K,118171,/artist?id=9375434,412,"Jun 16, 2022",2,2
604,0,Unknown,Chris Punsalan,126K,117862,/artist?id=815946,604,"Jun 23, 2022",1,1
605,0,United States,Gucci Mane,14M,117746,/artist?id=2285,53,"Oct 22, 2020",36,1
606,7,Puerto Rico,Chayanne,10M,117727,/artist?id=189,398,"Feb 13, 2020",15,2
607,192,Unknown,Speed Radio,11M,117676,/artist?id=8870459,84,"Apr 7, 2022",10,2
608,275,United States,Kaash Paige,4.8M,117452,/artist?id=1376005,41,"Mar 19, 2020",19,4
609,-381,United States,Madonna,25M,117343,/artist?id=27,58,"Mar 10, 2022",58,3
610,0,Ireland,Thin Lizzy,4.7M,117312,/artist?id=838,610,"Jun 23, 2022",6,1
611,226,Brazil,Dominguinhos,477K,117309,/artist?id=117420,266,"Jul 1, 2021",6,2
612,184,Argentina,Miranda!,8.3M,117156,/artist?id=171832,242,"Sep 16, 2021",10,2
613,297,Dominican Republic,Juan Luis Guerra 4.40,9.8M,117117,/artist?id=3115,215,"Jan 7, 2021",17,3
614,0,Unknown,The Interior Castle,9.6K,116715,/artist?id=9349378,614,"Jun 23, 2022",1,1
615,0,United States,Will Smith,8.3M,116615,/artist?id=130,22,"May 21, 2020",23,1
616,0,United States,R.E.M.,17M,116546,/artist?id=703,124,"Mar 26, 2020",36,1
617,0,Unknown,Double A-Ron,183K,116496,/artist?id=3562498,617,"Jun 23, 2022",1,1
618,-353,United States,Bo Burnham,5.5M,116138,/artist?id=163998,23,"Jul 8, 2021",14,3
619,-120,United States,Chicago,8.5M,116114,/artist?id=488,351,"May 7, 2020",17,4
620,-163,Jamaica,Shenseea,3.3M,115917,/artist?id=420357,55,"Jan 27, 2022",18,4
621,157,United Kingdom,Rick Astley,6.4M,115900,/artist?id=1054,236,"Dec 31, 2020",22,3
622,0,Norway,Alan Walker,25M,115426,/artist?id=5451,13,"Jan 9, 2020",49,1
623,-223,United States,Aries,1.5M,115123,/artist?id=650156,351,"Mar 4, 2021",11,2
624,-58,Thailand,Jeff Satur,2M,115085,/artist?id=3860229,566,"Jun 16, 2022",2,2
625,241,United States,Jerry Lee Lewis,2.8M,114973,/artist?id=193790,471,"Jun 9, 2022",4,4
626,304,United Kingdom,Bicep,3.2M,114847,/artist?id=213212,124,"Jan 28, 2021",18,2
627,-277,United States,Drew Green,655K,114821,/artist?id=1037104,299,"Jan 21, 2021",8,3
628,144,Netherlands,Fedde Le Grand,3.3M,114655,/artist?id=212537,112,"Jul 30, 2020",23,2
629,0,Mexico,Maná,16M,114635,/artist?id=304,86,"Mar 17, 2022",27,1
630,0,United States,Jake Scott,3.4M,114536,/artist?id=199095,215,"Jan 30, 2020",22,1
631,-165,Argentina,YSY A,3.5M,114394,/artist?id=824564,88,"Feb 11, 2021",12,3
632,336,United Kingdom,Cutting Crew,4.3M,114146,/artist?id=496,333,"Jan 20, 2022",6,3
633,0,Spain,Kabasaki,705K,114041,/artist?id=1422295,633,"Jun 23, 2022",1,1
634,0,Mexico,Murdbrain,240K,114006,/artist?id=125508,634,"Jun 23, 2022",1,1
635,336,Australia,Vierre Cloud,3.1M,113805,/artist?id=3611206,469,"Nov 5, 2020",6,2
636,0,United States,Tom Petty,9M,113725,/artist?id=74,265,"Jul 8, 2021",41,1
637,0,United States,John Mayer,17M,113595,/artist?id=1071,15,"Jun 10, 2021",36,1
638,203,United Kingdom,Van Morrison,12M,113533,/artist?id=232,136,"Apr 23, 2020",49,4
639,0,United States,Anyma,3.6M,113512,/artist?id=3644036,639,"Jun 23, 2022",1,1
640,0,Italy,Baby K,1M,113251,/artist?id=3926,85,"Jul 2, 2020",16,1
641,-357,Italy,Rhove,3.1M,112769,/artist?id=1611884,284,"Jun 16, 2022",15,5
642,58,Georgia,The Blessed Madonna,4.8M,112668,/artist?id=3878742,12,"Aug 27, 2020",27,3
643,-530,United States,Black Thought,1.2M,112457,/artist?id=424627,113,"Jun 16, 2022",7,2
644,-308,Unknown,Real Boston Richey,1.5M,112423,/artist?id=8109281,237,"Jun 9, 2022",3,3
645,-358,India,Badshah,13M,112225,/artist?id=66843,27,"Apr 28, 2022",48,4
646,0,United Kingdom,Kideko,940K,112162,/artist?id=42447,454,"May 26, 2022",7,1
647,-129,France,Kaoma,2.2M,111975,/artist?id=90877,518,"Jun 16, 2022",7,2
648,0,United Kingdom,MNEK,13M,111964,/artist?id=4313,5,"Aug 20, 2020",44,1
649,-199,United States,WALK THE MOON,11M,111933,/artist?id=3832,122,"Jan 9, 2020",28,3
650,102,United States,The Killers,21M,111693,/artist?id=1939,21,"Aug 27, 2020",48,3
651,157,United States,Mitski,11M,111601,/artist?id=188290,71,"Oct 14, 2021",49,2
652,-325,Mexico,Chuy Lizarraga y Su Banda Tierra Sinaloense,3.1M,111055,/artist?id=82168,234,"Jun 2, 2022",5,4
653,0,United States,Cautious Clay,2M,111013,/artist?id=492466,54,"Oct 15, 2020",21,1
654,0,Brazil,Elba Ramalho,1.7M,110805,/artist?id=208606,347,"Jul 1, 2021",5,1
655,0,Germany,Nina Chuba,5.5M,110737,/artist?id=1341586,269,"Jun 25, 2020",9,1
656,252,Unknown,Haripriya,1.8M,110732,/artist?id=1435847,437,"May 5, 2022",9,9
657,-128,United States,Weezer,13M,110677,/artist?id=151,66,"Feb 4, 2021",28,4
658,0,United States,Foogiano,790K,110506,/artist?id=1605853,77,"Apr 8, 2021",9,1
659,61,United Kingdom,Culture Club,5.8M,110412,/artist?id=286,200,"Oct 7, 2021",23,3
660,-34,Canada,Nonso Amadi,780K,110322,/artist?id=485812,359,"Jun 2, 2022",4,4
661,0,Brazil,MC Braz,2.3M,110274,/artist?id=1093641,79,"May 5, 2022",20,1
662,-188,Unknown,Skillibeng,1.7M,110063,/artist?id=3424727,57,"May 20, 2021",8,4
663,-124,Italy,thasup,4.4M,109825,/artist?id=745224,299,"Oct 8, 2020",13,2
664,-22,Puerto Rico,Don Omar,27M,109790,/artist?id=1806,9,"May 14, 2020",53,2
665,0,United States,Perfume Genius,664K,109777,/artist?id=188403,166,"May 21, 2020",7,1
666,0,Unknown,Miu Lê,162K,109765,/artist?id=317497,666,"Jun 23, 2022",1,1
667,0,Brazil,L7NNON,10M,109672,/artist?id=1027434,23,"Apr 28, 2022",7,1
668,-294,Brazil,DJ Alex BNH,553K,109607,/artist?id=1426505,210,"Jun 2, 2022",5,5
669,68,United States,Jon Secada,4.3M,109603,/artist?id=69644,660,"Feb 10, 2022",5,3
670,-188,Germany,AYLIVA,3.9M,109569,/artist?id=4359294,195,"Apr 1, 2021",12,3
671,-96,United Kingdom,Alex Hobson,391K,109378,/artist?id=643825,575,"Jun 16, 2022",5,3
672,-356,United Kingdom,Jungle,5.1M,109058,/artist?id=4663,53,"Jul 1, 2021",15,3
673,0,Brazil,Paula Fernandes,1.8M,108864,/artist?id=118816,599,"Aug 6, 2020",4,1
674,153,Brazil,Rastapé,321K,108846,/artist?id=310351,645,"Jul 1, 2021",4,2
675,66,United States,Bread,4.1M,108652,/artist?id=816,473,"Jan 9, 2020",6,2
676,0,Argentina,Piero,893K,108388,/artist?id=53192,676,"Jun 23, 2022",3,1
677,-274,India,Vayu,1.7M,108366,/artist?id=493001,221,"Jun 2, 2022",6,6
678,0,Jamaica,DJ Frass,223K,108296,/artist?id=594228,678,"Jun 23, 2022",1,1
679,-512,Unknown,Kaleta,476K,108146,/artist?id=119121,167,"Jun 16, 2022",3,3
680,-447,France,Michael Calfan,1.9M,107954,/artist?id=3668,49,"Apr 16, 2020",23,2
681,0,Peru,Britt Lari,552K,107912,/artist?id=919236,379,"Jan 14, 2021",10,1
682,134,Turkey,Sefo,3.6M,107714,/artist?id=1645183,128,"Aug 19, 2021",21,2
683,0,United States,Jordan Davis,8.8M,107562,/artist?id=643783,172,"Jun 2, 2022",36,1
684,0,Brazil,Dj LK da Escócia,3.4M,107403,/artist?id=7032672,241,"Apr 28, 2022",10,1
685,0,United States,Travie McCoy,4.2M,107301,/artist?id=3621,248,"Apr 7, 2022",10,1
686,0,Panama,El Chombo,1.5M,107167,/artist?id=420583,686,"Jun 23, 2022",1,1
687,0,United States,Kim Carnes,4.4M,107153,/artist?id=475,575,"Apr 7, 2022",6,1
688,-235,Australia,Reigan,851K,106868,/artist?id=90323,453,"Jun 16, 2022",2,2
689,0,Belgium,Evelyn,311K,106860,/artist?id=422332,689,"Jun 23, 2022",1,1
690,120,United States,Chance Peña,4.8M,106855,/artist?id=817796,690,"Jun 23, 2022",2,2
691,-253,United States,Jelly Roll,4.8M,106558,/artist?id=78737,406,"Jun 9, 2022",5,3
692,0,United States,Paul Simon,7.9M,106409,/artist?id=381,221,"Apr 16, 2020",30,1
693,-222,Canada,Bryan Adams,18M,106393,/artist?id=51,75,"Dec 31, 2020",51,4
694,-406,New Zealand,Lorde,19M,106345,/artist?id=4495,1,"Jun 17, 2021",43,4
695,0,Germany,Lou Bega,4.1M,106316,/artist?id=197,150,"Jan 7, 2021",8,1
696,0,Unknown,Larry Greene,122K,106056,/artist?id=147799,651,"Jun 2, 2022",3,1
697,0,Brazil,Maiara & Maraisa,9.9M,105770,/artist?id=5444,23,"Nov 11, 2021",40,1
698,0,Russian Federation,Autonomic Sensations,198K,105461,/artist?id=1677995,698,"Jun 23, 2022",1,1
699,6,Unknown,Mc Paiva ZS,8.3M,105130,/artist?id=4167660,552,"Feb 3, 2022",4,2
700,0,Brazil,MC Cabelinho,8.1M,104965,/artist?id=420362,45,"Jul 8, 2021",18,1
701,-383,United States,Guapdad 4000,819K,104855,/artist?id=785364,55,"Apr 16, 2020",11,2
702,0,United Kingdom,UB40,7.5M,104827,/artist?id=184,196,"Jun 4, 2020",26,1
703,178,France,Manu Chao,9.5M,104577,/artist?id=268,285,"Jul 16, 2020",12,2
704,176,United States,The Emotions,5.2M,104424,/artist?id=1620,393,"Jan 7, 2021",7,2
705,-265,United States,Miami Sound Machine,2.2M,104362,/artist?id=77933,296,"Jun 2, 2022",8,4
706,0,Germany,Tream,1.8M,104191,/artist?id=1603057,706,"Jun 23, 2022",8,1
707,-86,Unknown,Julión y Su Norteño Banda,127K,103784,/artist?id=4676050,424,"Jun 2, 2022",4,4
708,0,United States,Boston,6.8M,103724,/artist?id=65,454,"Jun 4, 2020",21,1
709,0,United States,almost monday,1.5M,103675,/artist?id=792346,709,"Jun 23, 2022",2,1
710,-131,Unknown,Lagique,2.6M,103645,/artist?id=4172777,32,"Apr 1, 2021",20,4
711,0,Denmark,Thomas Helmig,432K,103632,/artist?id=192649,711,"Jun 23, 2022",1,1
712,166,Unknown,MC Tairon,3.3M,103495,/artist?id=4497237,51,"May 5, 2022",11,11
713,0,France,Willy William,8.9M,103373,/artist?id=210819,48,"Feb 11, 2021",31,1
714,0,Mexico,Kim Loaiza,5M,103350,/artist?id=1106326,6,"Feb 17, 2022",8,1
715,0,India,Amitabh Bhattacharya,19M,103327,/artist?id=172987,45,"May 12, 2022",12,1
716,-294,India,Himesh Reshammiya,11M,103322,/artist?id=61153,294,"May 26, 2022",24,7
717,0,Unknown,Mc Rodrigo do CN,2.2M,103199,/artist?id=4283614,411,"Dec 2, 2021",12,1
718,-70,United Kingdom,Tom Gregory,3M,103123,/artist?id=1029346,45,"Apr 30, 2020",34,4
719,-373,Unknown,KUTE,4.3M,103118,/artist?id=6736178,346,"Jun 16, 2022",6,5
720,0,United States,Chris Brown,52M,102982,/artist?id=2249,19,"Sep 30, 2021",48,1
721,92,Dominican Republic,Crazy Design,482K,102818,/artist?id=213561,642,"Jun 9, 2022",3,3
722,0,Brazil,Mc Poze do Rodo,5.5M,102636,/artist?id=1505651,31,"Apr 22, 2021",21,1
723,0,Italy,LA Vision,1.2M,102572,/artist?id=3707394,94,"Aug 20, 2020",27,1
724,-340,United States,Loverboy,1.8M,102418,/artist?id=143519,369,"Jun 9, 2022",4,4
725,0,Unknown,Ezzy,287K,102354,/artist?id=3551118,725,"Jun 23, 2022",2,1
726,0,United States,Walker Hayes,5.7M,102281,/artist?id=299293,40,"Jul 29, 2021",24,1
727,61,Unknown,Rachel Grae,2.9M,102047,/artist?id=5356098,727,"Jun 23, 2022",3,3
728,0,United States,Don Henley,5M,101683,/artist?id=254,370,"May 28, 2020",17,1
729,39,Unknown,Curserino,364K,101545,/artist?id=9383412,729,"Jun 23, 2022",2,2
730,-226,India,Yuvan Shankar Raja,9.3M,101521,/artist?id=13586,9,"Jan 7, 2021",25,4
731,-261,Colombia,Big Yamo,2.5M,101444,/artist?id=105283,219,"Mar 10, 2022",12,2
732,-147,United States,Brando,6.6M,101388,/artist?id=801759,14,"Dec 16, 2021",22,3
733,-129,United States,John Mellencamp,5.2M,101140,/artist?id=396,64,"Jul 9, 2020",29,4
734,0,India,Silambarasan TR,4.8M,101133,/artist?id=171640,62,"Aug 12, 2021",13,1
735,-198,Unknown,THEMOONWILLALWAYSBEWITHME,834K,101105,/artist?id=6338334,511,"Jun 9, 2022",3,3
736,0,Brazil,MC Rogerinho,6.1M,101054,/artist?id=1658214,34,"Mar 3, 2022",32,1
737,0,Unknown,Karik,311K,100875,/artist?id=143140,737,"Jun 23, 2022",1,1
738,0,Indonesia,Paul Partohap,3.3M,100835,/artist?id=921905,738,"Jun 23, 2022",1,1
739,-429,Turkey,Aleyna Tilki,2M,100703,/artist?id=435535,119,"Mar 5, 2020",19,3
740,0,Unknown,Capow x 2G,223K,100623,/artist?id=8958006,662,"Apr 14, 2022",2,1
741,201,Sweden,Roxette,10M,100536,/artist?id=387,99,"Apr 28, 2022",25,2
742,0,United Kingdom,Phil Collins,19M,100465,/artist?id=47,118,"Jan 16, 2020",48,1
743,0,Unknown,SSE aka HEX,376K,100363,/artist?id=4971931,743,"Jun 23, 2022",1,1
744,-346,France,Jul,7.5M,100337,/artist?id=5704,6,"May 19, 2022",30,3
745,0,United States,Mt. Joy,4.4M,100210,/artist?id=207505,353,"Feb 27, 2020",8,1
746,-337,United States,Alexandra Savior,1.1M,100190,/artist?id=184518,409,"Jun 16, 2022",7,2
747,0,United Kingdom,Bonnie Tyler,8.6M,100177,/artist?id=641,345,"Jan 7, 2021",15,1
748,0,United States,Future,48M,100094,/artist?id=3870,2,"Jan 16, 2020",48,1
749,0,Brazil,Dadinho,154K,99898,/artist?id=775057,352,"Jun 17, 2021",4,1
750,-421,Mexico,Banda El Recodo,7.4M,99897,/artist?id=1596,293,"Jun 9, 2022",15,3
751,92,Brazil,Gustavo Mioto,9.9M,99885,/artist?id=102320,196,"Mar 3, 2022",29,2
752,0,United States,Bill Withers,13M,99848,/artist?id=822,13,"Apr 9, 2020",30,1
753,-205,United Kingdom,Tion Wayne,8.2M,99529,/artist?id=514346,10,"May 20, 2021",41,5
754,-253,Romania,Vika Jigulina,3.6M,99475,/artist?id=3676,259,"Jun 2, 2022",13,5
755,0,France,KronoMuzik,438K,99384,/artist?id=3767701,137,"Nov 25, 2021",7,1
756,0,Canada,Wild Rivers,4.4M,99202,/artist?id=208489,494,"Jan 20, 2022",8,1
757,68,United Kingdom,The Cure,16M,99139,/artist?id=233,175,"Jan 7, 2021",31,3
758,-280,United States,Lakeyah,826K,99111,/artist?id=3980100,122,"Oct 7, 2021",11,3
759,-214,Canada,Loud Luxury,9.8M,99077,/artist?id=217510,116,"Apr 15, 2021",32,3
760,0,United States,RIP Youth,21K,98986,/artist?id=3636877,760,"Jun 23, 2022",1,1
761,-464,United States,Extreme,5.1M,98865,/artist?id=837,201,"Jun 9, 2022",10,4
762,0,Brazil,Aviões do Forró,1.2M,98834,/artist?id=311136,762,"Jun 23, 2022",1,1
763,0,United States,Sinizter,1.7M,98823,/artist?id=841975,763,"Jun 23, 2022",1,1
764,-30,United Kingdom,George Michael,15M,98515,/artist?id=45,5,"Nov 26, 2020",46,3
765,0,Unknown,ZZCCMXTP,193K,98513,/artist?id=8851790,765,"Jun 23, 2022",1,1
766,0,Unknown,DJ KIK PROD,141K,98479,/artist?id=3952285,766,"Jun 23, 2022",1,1
767,-292,India,Tanishk Bagchi,19M,98450,/artist?id=388884,59,"Aug 26, 2021",52,7
768,0,United Kingdom,The Rolling Stones,24M,98412,/artist?id=216,19,"Apr 30, 2020",59,1
769,-193,Unknown,Joey Valence,0,98397,/artist?id=780784,567,"Jun 2, 2022",7,5
770,0,United Kingdom,Karen Harding,3M,98363,/artist?id=95479,77,"May 6, 2021",15,1
771,-126,Unknown,BROHM,891K,98301,/artist?id=3661030,645,"Jun 16, 2022",2,2
772,35,United States,Gloria Estefan,6.4M,98199,/artist?id=208114,279,"Dec 30, 2021",17,2
773,-163,United States,Ronny J,633K,98164,/artist?id=652510,50,"Jan 30, 2020",14,2
774,0,Mexico,Grupo Arriesgado,5.7M,98101,/artist?id=850149,524,"May 26, 2022",4,1
775,-396,United States,Gala,5.1M,97992,/artist?id=212540,259,"Jan 6, 2022",16,5
776,0,United States,JAWNY,4.4M,97855,/artist?id=861026,124,"Jul 2, 2020",13,1
777,-62,Norway,Broiler,3M,97654,/artist?id=203643,612,"Oct 15, 2020",4,2
778,-618,France,Doums,888K,97642,/artist?id=435524,160,"Jun 16, 2022",3,2
779,0,Brazil,Geraldo Azevedo,1.5M,97625,/artist?id=465712,517,"Jul 1, 2021",3,1
780,0,Brazil,Diego & Victor Hugo,6.9M,97624,/artist?id=254562,196,"Jan 7, 2021",25,1
781,-231,United States,REO Speedwagon,5M,97467,/artist?id=480,446,"Jun 9, 2022",15,4
782,0,Belgium,Hamza,4.8M,97373,/artist?id=429483,258,"Oct 15, 2020",17,1
783,0,United Kingdom,Stefflon Don,5.7M,97352,/artist?id=146164,208,"Mar 11, 2021",15,1
784,0,Chile,La Ley,5.4M,97297,/artist?id=1119,530,"Feb 10, 2022",4,1
785,-105,United States,Survivor,9.8M,97287,/artist?id=140,116,"Jan 9, 2020",25,2
786,0,Brazil,Guilherme & Santiago,4.7M,97255,/artist?id=210443,317,"Apr 21, 2022",9,1
787,0,Panama,Kafu Banton,459K,97217,/artist?id=415246,102,"Apr 16, 2020",6,1
788,0,United States,Bino Rideaux,642K,97133,/artist?id=662249,94,"Oct 7, 2021",8,1
789,-589,United States,Princess Nokia,3.6M,97085,/artist?id=217795,14,"Apr 15, 2021",24,2
790,0,Canada,Mathew V,399K,96863,/artist?id=539767,122,"Jun 24, 2021",7,1
791,0,United States,Bob Seger,6.5M,96782,/artist?id=326447,453,"Dec 31, 2020",20,1
792,0,Unknown,Kora (CA),158K,96731,/artist?id=299244,792,"Jun 23, 2022",1,1
793,46,United States,Beach House,11M,96430,/artist?id=207319,146,"Nov 18, 2021",28,2
794,0,Mexico,Carin Leon,19M,96361,/artist?id=1011054,57,"Sep 23, 2021",44,1
795,0,France,Solda,991K,96360,/artist?id=1561954,19,"Aug 27, 2020",5,1
796,13,Italy,Alex Gaudino,4.5M,96349,/artist?id=169106,448,"Feb 10, 2022",10,3
797,-215,Mexico,Christian Nodal,20M,96230,/artist?id=40359,11,"Apr 29, 2021",51,4
798,-167,France,Matt Sassari,8.4M,96106,/artist?id=132809,392,"Mar 17, 2022",11,3
799,-275,Australia,Bombs Away,965K,96084,/artist?id=3769,524,"Jun 16, 2022",2,2
800,0,Canada,Avril Lavigne,18M,95992,/artist?id=1316,23,"Jan 20, 2022",44,1
801,-531,Spain,Pure Negga,1.6M,95972,/artist?id=1127342,104,"Jun 2, 2022",9,9
802,-191,United States,Lonely God,2.9M,95739,/artist?id=1131211,417,"May 14, 2020",18,3
803,-21,Venezuela,Ricardo Montaner,7.4M,95631,/artist?id=207034,271,"Dec 31, 2020",18,2
804,0,United Kingdom,Grafix,698K,95631,/artist?id=138754,804,"Jun 23, 2022",1,1
805,-213,India,B. Ajaneesh Loknath,3.5M,95614,/artist?id=628959,190,"Jun 2, 2022",4,4
806,0,Sweden,Alex Aris,1.5M,95439,/artist?id=454851,791,"Apr 7, 2022",2,1
807,0,United States,Bartees Strange,214K,95325,/artist?id=1399763,807,"Jun 23, 2022",1,1
808,0,Australia,Sam Fischer,6.4M,95308,/artist?id=568782,17,"Feb 11, 2021",52,1
809,-358,Canada,Corey Hart,1M,95285,/artist?id=61459,277,"Jun 9, 2022",4,4
810,-118,Mexico,Luis R Conriquez,15M,95221,/artist?id=890339,136,"Mar 17, 2022",27,11
811,0,United Arab Emirates,Mark Shakedown,28K,95121,/artist?id=1336516,811,"Jun 23, 2022",1,1
812,174,France,Luyanna,32K,95108,/artist?id=400976,812,"Jun 23, 2022",2,2
813,-222,Germany,twocolors,4.8M,95070,/artist?id=209140,60,"Mar 18, 2021",37,3
814,0,Korea,The Black Skirts,1.5M,94920,/artist?id=469857,360,"Jul 15, 2021",6,1
815,-453,India,Shreya Ghoshal,24M,94886,/artist?id=23385,144,"Aug 26, 2021",40,8
816,-475,United States,Wrabel,3.8M,94793,/artist?id=207062,59,"Apr 30, 2020",27,4
817,-138,Unknown,Mc Fopi,580K,94759,/artist?id=5544605,73,"Nov 25, 2021",10,3
818,0,Netherlands,Saco,1.3M,94548,/artist?id=522222,818,"Jun 23, 2022",1,1
819,0,Unknown,Yvetzal,784K,94439,/artist?id=6132425,819,"Jun 23, 2022",1,1
820,0,Jamaica,Popcaan,4.4M,94430,/artist?id=3630,24,"Oct 29, 2020",12,1
821,-464,Italy,Mark Mendy,1.4M,94412,/artist?id=654072,246,"Jun 3, 2021",22,5
822,-255,Unknown,Steelix,13,94392,/artist?id=6763608,551,"Aug 19, 2021",11,2
823,0,United States,Zac Brown Band,9.2M,94362,/artist?id=2710,73,"Jul 8, 2021",43,1
824,0,Brazil,Gusttavo Lima,11M,94271,/artist?id=207531,126,"Jul 1, 2021",36,1
825,0,Germany,Ikke Hüftgold,1.5M,94251,/artist?id=170386,351,"Feb 27, 2020",7,1
826,0,Unknown,treamiboii,1.7M,94165,/artist?id=7634139,717,"Apr 7, 2022",7,1
827,0,United States,keshi,12M,94012,/artist?id=751087,141,"May 6, 2021",33,1
828,0,France,Myd,1.8M,93934,/artist?id=286995,138,"Jul 16, 2020",18,1
829,-194,Philippines,Moira Dela Torre,4.6M,93895,/artist?id=60257,206,"Oct 29, 2020",12,3
830,0,Poland,ConKi,2.8M,93862,/artist?id=181740,414,"May 21, 2020",6,1
831,-340,United States,Harry Fraud,2.2M,93597,/artist?id=202604,160,"Mar 25, 2021",23,2
832,0,United States,Mr Gabriel,164K,93594,/artist?id=558709,832,"Jun 23, 2022",1,1
833,125,United Kingdom,Caroline Jones,826K,93563,/artist?id=344232,654,"Jun 9, 2022",3,3
834,0,Korea,Hwa Sa,3.1M,93546,/artist?id=455605,47,"Mar 26, 2020",19,1
835,-305,United States,Dijon,2M,93545,/artist?id=749719,254,"Nov 11, 2021",11,2
836,0,Turkey,Mercan Dede,135K,93492,/artist?id=123125,268,"Jul 29, 2021",4,1
837,0,Sweden,Manny Flaco,676K,93419,/artist?id=3429964,328,"Sep 17, 2020",3,1
838,0,Ireland,Shane Codd,1.7M,93245,/artist?id=1151590,161,"Mar 18, 2021",22,1
839,-463,United States,Sid Sriram,10M,93235,/artist?id=433774,165,"Jan 20, 2022",23,5
840,-95,Spain,Miguel Bosé,7.3M,93214,/artist?id=207065,505,"Feb 10, 2022",8,3
841,0,United Kingdom,Daylight Robbery!,105K,93079,/artist?id=1606695,841,"Jun 23, 2022",1,1
842,0,Germany,Gnarly,105K,92964,/artist?id=530679,842,"Jun 23, 2022",1,1
843,-118,India,Lata Mangeshkar,11M,92912,/artist?id=215747,147,"Feb 10, 2022",17,3
844,-211,United States,Cher,9.1M,92790,/artist?id=104,255,"Jan 7, 2021",18,3
845,0,India,KSW,1.7M,92691,/artist?id=4034167,845,"Jun 23, 2022",2,1
846,-313,Poland,MYLØ,838K,92687,/artist?id=3675070,193,"May 12, 2022",9,9
847,0,Dominican Republic,Natti Natasha,17M,92168,/artist?id=85253,45,"Sep 30, 2021",34,1
848,0,United States,Paloma Mami,7.8M,92125,/artist?id=1104289,44,"Mar 25, 2021",21,1
849,0,United States,Heart,8.2M,92033,/artist?id=399,369,"Feb 20, 2020",13,1
850,27,Mexico,Mariano Barba,2.1M,91951,/artist?id=36729,443,"Mar 10, 2022",8,2
851,-492,Unknown,1986zig,1.3M,91825,/artist?id=4441289,99,"Oct 14, 2021",12,3
852,73,United States,The Pointer Sisters,5.6M,91814,/artist?id=479,146,"Jan 6, 2022",12,3
853,-513,Philippines,Clinton Kane,6.6M,91776,/artist?id=1354062,17,"Sep 2, 2021",28,3
854,73,United Kingdom,Fine Young Cannibals,3.2M,91752,/artist?id=131927,854,"Jun 23, 2022",2,2
855,0,United States,The Monkees,5.4M,91584,/artist?id=844,601,"Apr 16, 2020",11,1
856,0,Venezuela,El Potro Alvarez,104K,91454,/artist?id=424139,856,"Jun 23, 2022",1,1
857,0,Brazil,Matheus Fernandes,8M,91433,/artist?id=203331,85,"Apr 29, 2021",40,1
858,0,United States,Rascal Flatts,8.8M,91387,/artist?id=1039,240,"May 7, 2020",23,1
859,0,Unknown,YourMOOD,876K,91275,/artist?id=4078984,859,"Jun 23, 2022",1,1
860,-586,Canada,Daniel Caesar,22M,91253,/artist?id=132058,1,"Apr 8, 2021",29,2
861,0,United States,Kenny Chesney,7.5M,91217,/artist?id=926,63,"May 7, 2020",39,1
862,91,Brazil,Mc Livinho,4.4M,91139,/artist?id=206999,154,"May 13, 2021",15,2
863,0,United Kingdom,Mungo Jerry,1.4M,91137,/artist?id=386,452,"Jun 4, 2020",5,1
864,0,United States,Metallica,25M,90997,/artist?id=29,84,"Sep 3, 2020",38,1
865,0,Germany,Dario Lessing,1.5M,90974,/artist?id=1524355,412,"Aug 5, 2021",3,1
866,0,Brazil,Romim Mahta,335K,90971,/artist?id=269329,620,"May 19, 2022",3,1
867,-139,Italy,Eros Ramazzotti,6.7M,90889,/artist?id=207,171,"Apr 23, 2020",8,2
868,0,Brazil,Roberto Carlos,5.5M,90859,/artist?id=207064,484,"May 14, 2020",11,1
869,0,United States,MAVI,2.6M,90796,/artist?id=1389126,869,"Jun 23, 2022",1,1
870,0,United States,Chetta,572K,90743,/artist?id=910764,870,"Jun 23, 2022",1,1
871,-274,Mexico,Reyli Barba,4.6M,90653,/artist?id=206516,420,"Feb 3, 2022",9,2
872,-355,Unknown,PollyAnna,1.6M,90648,/artist?id=258128,324,"Jun 9, 2022",11,4
873,0,United States,Darius Rucker,6.4M,90468,/artist?id=1684,233,"Jul 8, 2021",25,1
874,0,Brazil,Henrique & Diego,1.6M,90458,/artist?id=82122,260,"Jan 9, 2020",14,1
875,0,Brazil,Dilsinho,7.6M,90449,/artist?id=208839,46,"Jun 11, 2020",43,1
876,0,Brazil,Os Barões Da Pisadinha,4.4M,90439,/artist?id=1456545,81,"Sep 17, 2020",45,1
877,0,United States,Sofia Quinn,351K,90142,/artist?id=3596313,877,"Jun 23, 2022",2,1
878,-587,France,Phoenix,5.9M,90090,/artist?id=2236,93,"Aug 27, 2020",9,3
879,0,Unknown,Luan Pereira,8M,90036,/artist?id=5181854,195,"Mar 31, 2022",7,1
880,0,Spain,Beret,6.1M,90026,/artist?id=41761,183,"Apr 29, 2021",14,1
881,0,United States,Christian Kuria,1.9M,89879,/artist?id=892366,828,"Sep 23, 2021",5,1
882,0,United States,Griff Clawson,1.3M,89876,/artist?id=714440,290,"Feb 6, 2020",8,1
883,0,United Kingdom,Stealers Wheel,5.3M,89820,/artist?id=819,650,"Apr 8, 2021",12,1
884,108,Unknown,ARCHEZ,2.9M,89761,/artist?id=6641702,583,"Jun 9, 2022",7,5
885,14,India,Hariharan,10M,89714,/artist?id=155211,419,"Oct 1, 2020",13,5
886,0,United States,Jimmy Buffett,3.1M,89685,/artist?id=451,184,"Jul 8, 2021",26,1
887,-708,Australia,Paradigm,3.4M,89528,/artist?id=3969712,67,"Apr 1, 2021",20,5
888,-40,United States,Outkast,19M,89525,/artist?id=180,26,"Jan 7, 2021",54,4
889,0,Unknown,Neeka,2.1M,89401,/artist?id=3969300,206,"Nov 26, 2020",17,1
890,-181,Canada,Mac DeMarco,17M,89331,/artist?id=4110,218,"Sep 16, 2021",34,2
891,0,United States,Hero The Band,27K,89331,/artist?id=664408,891,"Jun 23, 2022",1,1
892,0,United States,The Knack,2.6M,89321,/artist?id=306,399,"Mar 26, 2020",2,1
893,-113,United States,José Feliciano,4.2M,89063,/artist?id=1325,8,"Dec 16, 2021",31,2
894,40,United Kingdom,Spandau Ballet,3.8M,89057,/artist?id=202,163,"Jan 9, 2020",8,3
895,0,Unknown,BLVKSHP,258K,89025,/artist?id=3947999,266,"Oct 15, 2020",4,1
896,0,Unknown,Luke Chiang,2.7M,88824,/artist?id=1458501,424,"Oct 28, 2021",9,1
897,72,United States,The Lovin' Spoonful,2.7M,88790,/artist?id=206971,689,"Jun 2, 2022",5,4
898,0,United States,gardenstate,1M,88781,/artist?id=1635273,826,"Nov 26, 2020",2,1
899,-350,Germany,Dario Rodriguez,233K,88550,/artist?id=175123,79,"Jan 14, 2021",7,4
900,0,United States,Marvin Gaye,16M,88540,/artist?id=240,45,"Jan 9, 2020",35,1
901,0,Unknown,SXMPRA,4.8M,88510,/artist?id=3810973,901,"Jun 23, 2022",1,1
902,0,Netherlands,Syzz,2M,88453,/artist?id=431395,644,"Jan 6, 2022",7,1
903,-140,Unknown,Medy,2.2M,88407,/artist?id=4073404,763,"Jun 16, 2022",3,2
904,0,Unknown,Deep House Club,61K,88358,/artist?id=293632,904,"Jun 23, 2022",1,1
905,56,United Kingdom,Pa Salieu,1.2M,88321,/artist?id=1034423,213,"Jan 20, 2022",14,4
906,0,Unknown,Tomh.,151K,88304,/artist?id=9380410,906,"Jun 23, 2022",1,1
907,-392,Unknown,Lazy The Loser,252K,88192,/artist?id=3844497,515,"Jun 16, 2022",2,2
908,-797,United Kingdom,Danger Mouse,1.9M,88052,/artist?id=170691,111,"Jun 16, 2022",4,2
909,0,France,Rawdolff,106K,87971,/artist?id=1059534,909,"Jun 23, 2022",2,1
910,-660,Mexico,Anahí,6M,87959,/artist?id=36015,10,"Sep 10, 2020",15,2
911,-490,Indonesia,For Revenge,4.5M,87943,/artist?id=864619,421,"Jun 16, 2022",5,5
912,0,Unknown,M.I.M.E,977K,87905,/artist?id=96729,912,"Jun 23, 2022",1,1
913,-146,Puerto Rico,Amarion,641K,87853,/artist?id=799930,767,"Jun 16, 2022",2,2
914,0,Brazil,PEDRO SAMPAIO,7.3M,87574,/artist?id=1151187,36,"Mar 3, 2022",41,1
915,-516,Unknown,Capella Grey,1.1M,87525,/artist?id=4365049,99,"Oct 7, 2021",14,2
916,0,United States,LMFAO,8.3M,87479,/artist?id=3373,57,"Jan 9, 2020",28,1
917,3,United States,Summrs,1.1M,87373,/artist?id=1370552,268,"Jan 27, 2022",3,2
918,0,United States,Luke Bryan,9M,87307,/artist?id=3118,130,"Jul 8, 2021",38,1
919,0,United States,Los Gemelos De Sinaloa,5.4M,87198,/artist?id=839090,182,"Mar 10, 2022",12,1
920,-433,United States,Pixies,9.4M,87124,/artist?id=91,433,"May 7, 2020",20,2
921,-410,Sweden,Zara Larsson,23M,86989,/artist?id=4441,4,"Apr 2, 2020",25,2
922,0,Sweden,Hannes,1.3M,86975,/artist?id=627834,607,"Jun 10, 2021",2,1
923,-78,United Kingdom,Bee Gees,23M,86949,/artist?id=251,34,"Jan 7, 2021",52,4
924,0,United States,Niko Moon,1.6M,86767,/artist?id=1668070,275,"Feb 25, 2021",12,1
925,0,Mexico,Edicion Especial,3.7M,86680,/artist?id=559056,685,"Sep 16, 2021",4,1
926,0,Germany,Kim Petras,35M,86643,/artist?id=717311,9,"Jun 4, 2020",25,1
927,0,Brazil,Felipe Amorim,7.9M,86598,/artist?id=3796064,49,"Sep 30, 2021",24,1
928,-602,Netherlands,Brennan Heart,2.8M,86489,/artist?id=208303,89,"Apr 30, 2020",21,4
929,0,France,DJ Bens,97K,86445,/artist?id=1100670,929,"Jun 23, 2022",1,1
930,0,United States,xander.,1.1M,86323,/artist?id=595523,103,"Oct 1, 2020",19,1
931,0,United States,Tasan,153K,86304,/artist?id=270726,931,"Jun 23, 2022",1,1
932,-279,United States,Mötley Crüe,8.2M,86284,/artist?id=1148,393,"Jun 9, 2022",15,4
933,0,India,Mika Singh,6.1M,86262,/artist?id=211721,255,"Oct 8, 2020",19,1
934,0,Turkey,Melis Fis,401K,86259,/artist?id=3494254,934,"Jun 23, 2022",1,1
935,1,Brazil,Mc Gw,3.7M,86240,/artist?id=47522,45,"Feb 20, 2020",14,4
936,0,United Kingdom,New Hope Club,1.2M,86230,/artist?id=602514,144,"Jul 8, 2021",16,1
937,0,India,Bombay Jayashri,5.2M,86094,/artist?id=103275,826,"Jun 9, 2022",2,1
938,-542,United States,TYM,682K,86009,/artist?id=898215,308,"Jun 9, 2022",3,3
939,0,United Kingdom,Bruno Major,4.8M,85957,/artist?id=49732,93,"Nov 18, 2021",22,1
940,0,Unknown,Lastfragment,1.2M,85941,/artist?id=3386983,410,"Jun 2, 2022",3,1
941,-656,Finland,Isac Elliot,623K,85925,/artist?id=4571,285,"Jun 16, 2022",3,2
942,0,New Zealand,David Dallas,235K,85869,/artist?id=449257,942,"Jun 23, 2022",1,1
943,0,Brazil,MC Pkzinho,122K,85841,/artist?id=1005253,943,"Jun 23, 2022",1,1
944,0,Mexico,Grupo Firme,15M,85799,/artist?id=808782,124,"Dec 16, 2021",52,1
945,-78,Unknown,D'lourdes,52K,85743,/artist?id=9286346,867,"Jun 16, 2022",2,2
946,0,Unknown,Edwrd,2.9K,85315,/artist?id=9046191,946,"Jun 23, 2022",1,1
947,0,Unknown,Adie,4.3M,85289,/artist?id=4376044,414,"May 27, 2021",8,1
948,0,United States,Old Dominion,6.6M,85246,/artist?id=5110,139,"May 27, 2021",21,1
949,0,Brazil,João Bosco & Vinicius,3M,85096,/artist?id=207539,139,"Feb 27, 2020",25,1
950,-562,Turkey,Sagopa Kajmer,1.8M,85040,/artist?id=89534,262,"Jun 9, 2022",6,3
951,0,Netherlands,Mr. Probz,5.7M,85007,/artist?id=3845,142,"Jan 9, 2020",29,1
952,-274,United States,Jaci Velasquez,2.5M,84980,/artist?id=457742,608,"Feb 10, 2022",4,2
953,-226,India,Sanjay Leela Bhansali,5.7M,84832,/artist?id=547859,63,"Mar 10, 2022",13,3
954,0,United Kingdom,Nova Twins,1.1M,84736,/artist?id=647618,26,"Nov 5, 2020",4,1
955,-200,United Kingdom,Wet Leg,2.9M,84726,/artist?id=6053157,105,"Apr 14, 2022",14,3
956,0,Unknown,Grupo la Cumbia,713K,84699,/artist?id=1022954,956,"Jun 23, 2022",1,1
957,-520,Austria,Joshi Mizu,607K,84567,/artist?id=9447,437,"Jun 16, 2022",3,2
958,-289,Germany,Lucky Luke,3.1M,84412,/artist?id=505615,92,"Jul 2, 2020",30,3
959,0,United States,The Turtles,3.5M,84328,/artist?id=758,284,"May 7, 2020",8,1
960,0,India,Shaan Rahman,2.2M,84317,/artist?id=380381,759,"Jan 13, 2022",2,1
961,-414,India,Rajesh Roshan,4M,84290,/artist?id=454210,108,"Jun 9, 2022",4,4
962,0,United States,The Carters,1.5M,84267,/artist?id=1100652,962,"Jun 23, 2022",2,1
963,0,United States,Brooks & Dunn,7.3M,84253,/artist?id=3394,275,"Jul 9, 2020",21,1
964,-61,United States,Afroman,3.5M,84223,/artist?id=998,685,"Apr 22, 2021",5,2
965,-9,Brazil,IZA,4.6M,84134,/artist?id=299295,107,"Jun 10, 2021",17,2
966,0,United Kingdom,The Kinks,6.5M,84062,/artist?id=148,389,"Apr 8, 2021",17,1
967,-254,United States,New Edition,1.9M,84059,/artist?id=36,713,"Jun 16, 2022",2,2
968,-491,Sweden,Einár,1.3M,83795,/artist?id=1369378,99,"Oct 28, 2021",5,2
969,0,Unknown,KXNVRA,2.8M,83782,/artist?id=7573070,647,"Mar 17, 2022",4,1
970,0,Indonesia,Chrisye,1.9M,83755,/artist?id=155304,646,"Apr 15, 2021",4,1
971,0,Spain,Enrique Iglesias,22M,83735,/artist?id=531,11,"Jun 18, 2020",57,1
972,-542,India,Mohit Chauhan,14M,83726,/artist?id=403374,303,"May 26, 2022",28,7
973,0,Brazil,DJ 2F,1.1M,83703,/artist?id=1347008,567,"Sep 17, 2020",4,1
974,-740,Mexico,Maite Perroni,6.3M,83655,/artist?id=207033,9,"Sep 10, 2020",15,2
975,0,United Kingdom,Biig Piig,2.8M,83448,/artist?id=569390,238,"Sep 23, 2021",14,1
976,0,Australia,Blake Rose,2.2M,83351,/artist?id=626394,235,"Feb 13, 2020",16,1
977,-286,United States,Young Slo-Be,1.5M,83332,/artist?id=1671629,666,"Jun 9, 2022",7,3
978,0,Turkey,Soner Sarıkabadayı,2M,83269,/artist?id=307408,594,"Jun 4, 2020",3,1
979,0,France,SCH,4M,83175,/artist?id=5422,86,"Aug 27, 2020",14,1
980,0,Netherlands,Brainbox,391K,83166,/artist?id=3735534,772,"May 13, 2021",2,1
981,0,United States,Wacotron,1.6M,83084,/artist?id=4118769,272,"Apr 22, 2021",4,1
982,0,Turkey,Kirli,376K,83052,/artist?id=3679372,982,"Jun 23, 2022",1,1
983,8,United States,Fitz and The Tantrums,6.2M,83042,/artist?id=206528,183,"Apr 1, 2021",29,2
984,-170,Finland,Pearly Drops,555K,82991,/artist?id=1717974,814,"Jun 16, 2022",3,3
985,0,Brazil,Dj GBR,3.2M,82984,/artist?id=1785308,23,"Apr 15, 2021",9,1
986,0,Canada,Shania Twain,14M,82912,/artist?id=244,110,"May 5, 2022",35,1
987,0,Unknown,dwsdmusic,238K,82809,/artist?id=1366030,987,"Jun 23, 2022",1,1
988,-465,Korea,P1Harmony,1.3M,82660,/artist?id=4010292,419,"Jun 2, 2022",7,4
989,-102,India,Javed-Mohsin,5M,82524,/artist?id=1330346,43,"Aug 26, 2021",10,2
990,0,United States,Steve Miller Band,6.4M,82464,/artist?id=675,123,"May 7, 2020",30,1
991,-536,India,Tulsi Kumar,11M,82419,/artist?id=35325,89,"Jun 2, 2022",32,7
992,-367,Germany,Peter Plate,1M,82358,/artist?id=99404,625,"Jun 16, 2022",2,2
993,-569,Unknown,8blevrai,396K,82353,/artist?id=4138185,424,"Jun 16, 2022",2,2
994,-1,Canada,Niska,4.7M,82262,/artist?id=208632,178,"Sep 24, 2020",18,4
995,0,Norway,Kris Winther,717K,82255,/artist?id=147827,904,"Apr 14, 2022",2,1
996,0,Brazil,Wesley Safadão,11M,82254,/artist?id=5006,97,"Mar 3, 2022",44,1
997,0,France,Kofs,1.7M,82159,/artist?id=415510,38,"Aug 27, 2020",14,1
998,0,United States,Tim McGraw,8.1M,82103,/artist?id=936,66,"Jan 21, 2021",35,1
999,0,Colombia,LEEB,886K,81995,/artist?id=1533857,999,"Jun 23, 2022",1,1
1000,-45,United States,Eric Carmen,4.1M,81970,/artist?id=212,482,"Feb 17, 2022",8,2